{"frameRate":60,"movies":[{"layers":[{"keyframes":[{"tweened":false,"duration":1,"index":0,"ref":"playerStaticPlaceholder","pivot":[82.5,91.5]}],"name":"playerStaticPlaceholder"}],"id":"animPlayer"},{"layers":[{"keyframes":[{"loc":[2554.7433,1867.093],"tweened":false,"pivot":[5,5],"scale":[510.9487,373.4186],"duration":1,"index":0,"ref":"bgTiny"}],"name":"bgTiny"}],"id":"bgWhatever01"},{"layers":[{"keyframes":[{"loc":[2553.0749,1863.7023],"tweened":false,"pivot":[5,5],"scale":[510.615,372.7405],"duration":1,"index":0,"ref":"bgTiny"}],"name":"Layer 1"}],"id":"bgWhatever02"},{"layers":[{"keyframes":[{"loc":[2553,1863],"pivot":[2553,1863],"tweened":false,"duration":1,"index":0,"ref":"bgWhatever01"}],"name":"bgWhatever"},{"keyframes":[{"loc":[414,3634],"pivot":[414,92],"tweened":false,"duration":1,"index":0,"ref":"platform01_Sec01"}],"name":"platform01_Sec01"},{"keyframes":[{"loc":[1794,3634],"pivot":[414,92],"tweened":false,"duration":1,"index":0,"ref":"platform02_Sec01"}],"name":"platform02_Sec01"},{"keyframes":[{"loc":[3036,3542],"pivot":[414,184],"tweened":false,"duration":1,"index":0,"ref":"platform03_Sec01"}],"name":"platform03_Sec01"},{"keyframes":[{"loc":[4485,3450],"pivot":[207,276],"tweened":false,"duration":1,"index":0,"ref":"platform04_Sec01"}],"name":"platform04_Sec01"}],"id":"sector01"},{"layers":[{"keyframes":[{"loc":[2829,1863],"pivot":[2829,1863],"tweened":false,"duration":1,"index":0,"ref":"bgWhatever02"}],"name":"bgWhatever2"},{"keyframes":[{"loc":[1104,3266],"pivot":[414,460],"tweened":false,"duration":1,"index":0,"ref":"platform01a_Sec02"}],"name":"platform01a_Sec02"},{"keyframes":[{"loc":[621,3450],"pivot":[621,276],"tweened":false,"duration":1,"index":0,"ref":"platform01_Sec02"}],"name":"platform01_Sec02"},{"keyframes":[{"loc":[2760,3082],"pivot":[828,644],"tweened":false,"duration":1,"index":0,"ref":"platform01b_Sec02"}],"name":"platform01b_Sec02"},{"keyframes":[{"loc":[4416,3266],"pivot":[414,460],"tweened":false,"duration":1,"index":0,"ref":"platform01c_Sec02"}],"name":"platform01c_Sec02"},{"keyframes":[{"loc":[2484,3542],"pivot":[414,184],"tweened":false,"duration":1,"index":0,"ref":"platform02_Sec02"}],"name":"platform02_Sec02"},{"keyframes":[{"loc":[3519,3450],"pivot":[207,276],"tweened":false,"duration":1,"index":0,"ref":"platform03_Sec02"}],"name":"platform03_Sec02"}],"id":"sector02"}],"textureGroups":[{"scaleFactor":1,"atlases":[{"textures":[{"symbol":"platform01b_Sec02","origin":[0,0],"rect":[1,1,1656,1288]},{"symbol":"platform01_Sec02","origin":[0,0],"rect":[1,1291,1242,552]},{"symbol":"platform04_Sec01","origin":[0,0],"rect":[1245,1291,414,552]},{"symbol":"gap04_Sec02","origin":[0,0],"rect":[1,1845,828,184]},{"symbol":"platform01_Sec01","origin":[0,0],"rect":[832,1845,828,184]},{"symbol":"gap03_Sec02","origin":[0,0],"rect":[1659,1,276,184]},{"symbol":"playerStaticPlaceholder","origin":[82.5,91.5],"rect":[1659,187,165,183]},{"symbol":"bgTiny","origin":[0,0],"rect":[1938,1,10,10]}],"file":"atlas0.png"},{"textures":[{"symbol":"platform01a_Sec02","origin":[0,0],"rect":[1,1,828,920]},{"symbol":"platform01c_Sec02","origin":[0,0],"rect":[832,1,828,920]},{"symbol":"platform02_Sec02","origin":[0,0],"rect":[1,923,828,368]},{"symbol":"platform03_Sec01","origin":[0,0],"rect":[832,923,828,368]},{"symbol":"platform03_Sec02","origin":[0,0],"rect":[1,1293,414,552]},{"symbol":"gap03_Sec01","origin":[0,0],"rect":[417,1293,828,184]},{"symbol":"gap01_Sec02","origin":[0,0],"rect":[417,1479,828,184]},{"symbol":"platform02_Sec01","origin":[0,0],"rect":[417,1665,828,184]},{"symbol":"gap01_Sec01","origin":[0,0],"rect":[1247,1293,552,184]},{"symbol":"gap02_Sec01","origin":[0,0],"rect":[1247,1479,414,184]},{"symbol":"gap04_Sec01","origin":[0,0],"rect":[1247,1665,414,184]},{"symbol":"gap02_Sec02","origin":[0,0],"rect":[1,1847,414,184]}],"file":"atlas1.png"}]}],"md5":"fd590f0e75216a8da35fb8b4692eac75"}