{"md5":"596cd9019b7b2ac15f81ba5e1a36ceb7","textureGroups":[{"scaleFactor":1,"atlases":[{"textures":[{"origin":[0,0],"rect":[1,1,1378,607],"symbol":"PoolGraphic"},{"origin":[0,0],"rect":[1,610,828,368],"symbol":"platform03_Sec01"},{"origin":[0,0],"rect":[1381,1,414,552],"symbol":"platform04_Sec01"},{"origin":[0,0],"rect":[832,610,828,184],"symbol":"platform01_Sec01"},{"origin":[0,0],"rect":[832,796,828,184],"symbol":"platform02_Sec01"},{"origin":[82.5,91.5],"rect":[1797,1,165,183],"symbol":"playerStaticPlaceholder"}],"file":"atlas0.png"}]}],"frameRate":60,"movies":[{"layers":[{"name":"playerStaticPlaceholder","keyframes":[{"duration":8,"label":"idle","ref":"playerStaticPlaceholder","index":0,"tweened":false,"pivot":[82.5,91.5]},{"duration":8,"label":"walk","ref":"playerStaticPlaceholder","index":8,"tweened":false,"pivot":[82.5,91.5]}]}],"id":"AnimRobot"},{"layers":[{"name":"Layer 1","keyframes":[{"duration":1,"loc":[689,303.9],"ref":"PoolGraphic","index":0,"tweened":false,"pivot":[689,303.9]}]}],"id":"PoolComponent"},{"layers":[{"name":"platform01_Sec01","keyframes":[{"duration":1,"loc":[2,634.15],"customData":{"$wallThickness":0,"$bottom":true,"$leftWall":true,"$rightWall":true,"$density":2,"Pool":true},"ref":"PoolComponent","index":0,"tweened":false}]},{"name":"platform02_Sec01","keyframes":[{"duration":1,"loc":[2,723.9],"customData":{"$topCollideOnly":true,"Platform":true},"ref":"p2wrapper","index":0,"tweened":false}]},{"name":"platform03_Sec01","keyframes":[{"duration":1,"loc":[2622,874],"customData":{"$topCollideOnly":true,"Platform":true},"ref":"p3wrapper","index":0,"tweened":false}]},{"name":"platform04_Sec01","keyframes":[{"duration":1,"loc":[4278,690],"customData":{"$topCollideOnly":true,"Platform":true},"ref":"p4wrapper","index":0,"tweened":false}]},{"name":"cock","keyframes":[{"duration":1,"loc":[240.05,310.05],"customData":{"$speed":7,"TouchInput":true,"$friction":0.75,"$jumpHeight":18,"$slideSpeed":0.75,"Character":true},"ref":"AnimRobot","index":0,"tweened":false}]}],"id":"Scene"},{"layers":[{"name":"Layer 1","keyframes":[{"duration":1,"ref":"platform01_Sec01","index":0,"tweened":false}]}],"id":"p1wrapper"},{"layers":[{"name":"Layer 1","keyframes":[{"duration":1,"ref":"platform02_Sec01","index":0,"tweened":false}]}],"id":"p2wrapper"},{"layers":[{"name":"Layer 1","keyframes":[{"duration":1,"ref":"platform03_Sec01","index":0,"tweened":false}]}],"id":"p3wrapper"},{"layers":[{"name":"Layer 1","keyframes":[{"duration":1,"ref":"platform04_Sec01","index":0,"tweened":false}]}],"id":"p4wrapper"}]}