{"md5":"73bbf84b7a1e77d5a83f94e801fc4f0b","frameRate":60,"textureGroups":[{"scaleFactor":1,"atlases":[{"textures":[{"symbol":"platform03_Sec01","origin":[0,0],"rect":[1,1,828,368]},{"symbol":"platform04_Sec01","origin":[0,0],"rect":[1,371,414,552]},{"symbol":"playerStaticPlaceholder","origin":[82.5,91.5],"rect":[831,1,165,183]}],"file":"atlas0.png"},{"textures":[{"symbol":"platform01_Sec01","origin":[0,0],"rect":[1,1,828,184]},{"symbol":"platform02_Sec01","origin":[0,0],"rect":[1,187,828,184]}],"file":"atlas1.png"}]}],"movies":[{"layers":[{"keyframes":[{"duration":8,"ref":"playerStaticPlaceholder","label":"idle","tweened":false,"index":0,"pivot":[82.5,91.5]},{"duration":8,"ref":"playerStaticPlaceholder","label":"walk","tweened":false,"index":8,"pivot":[82.5,91.5]}],"name":"playerStaticPlaceholder"}],"id":"AnimRobot"},{"layers":[{"keyframes":[{"duration":1,"ref":"p1wrapper","loc":[0,1058],"tweened":false,"index":0,"customData":{"Platform":true,"$topCollideOnly":true}}],"name":"platform01_Sec01"},{"keyframes":[{"duration":1,"ref":"p2wrapper","loc":[1380,1058],"tweened":false,"index":0,"customData":{"Platform":true,"$topCollideOnly":true}}],"name":"platform02_Sec01"},{"keyframes":[{"duration":1,"ref":"p3wrapper","loc":[2622,874],"tweened":false,"index":0,"customData":{"Platform":true,"$topCollideOnly":true}}],"name":"platform03_Sec01"},{"keyframes":[{"duration":1,"ref":"p4wrapper","loc":[4278,690],"tweened":false,"index":0,"customData":{"Platform":true,"$topCollideOnly":true}}],"name":"platform04_Sec01"},{"keyframes":[{"duration":1,"ref":"AnimRobot","loc":[240.05,488.1],"tweened":false,"index":0,"customData":{"$slideSpeed":0.75,"$jumpHeight":18,"Character":true,"TouchInput":true,"$speed":7,"$friction":0.75}}],"name":"cock"}],"id":"Scene"},{"layers":[{"keyframes":[{"duration":1,"index":0,"ref":"platform01_Sec01","tweened":false}],"name":"Layer 1"}],"id":"p1wrapper"},{"layers":[{"keyframes":[{"duration":1,"index":0,"ref":"platform02_Sec01","tweened":false}],"name":"Layer 1"}],"id":"p2wrapper"},{"layers":[{"keyframes":[{"duration":1,"index":0,"ref":"platform03_Sec01","tweened":false}],"name":"Layer 1"}],"id":"p3wrapper"},{"layers":[{"keyframes":[{"duration":1,"index":0,"ref":"platform04_Sec01","tweened":false}],"name":"Layer 1"}],"id":"p4wrapper"}]}