{"frameRate":60,"movies":[{"id":"AnimRobot","layers":[{"name":"playerStaticPlaceholder","keyframes":[{"tweened":false,"duration":9,"label":"idle","ref":"playerStaticPlaceholder","pivot":[82.5,91.5],"index":0},{"tweened":false,"duration":10,"label":"walk","ref":"playerStaticPlaceholder","pivot":[82.5,91.5],"index":9}]}]},{"id":"BridgePlatform","layers":[{"name":"Layer 1","keyframes":[{"duration":39,"index":0,"label":"goingDown"},{"duration":1,"index":39,"label":"down"},{"duration":39,"index":40,"label":"goingUp"},{"duration":1,"index":79,"label":"up"}]}]},{"id":"Cock","layers":[{"name":"Layer 1","keyframes":[{"tweened":false,"duration":10,"loc":[30.0001,35],"scale":[2.7273,2.5926],"pivot":[11,13.5],"index":0,"ref":"~Idle_Anim"},{"visible":false,"tweened":false,"duration":11,"loc":[30.0001,35],"scale":[2.7273,2.5926],"pivot":[11,13.5],"index":10,"ref":"~Idle_Anim"}]},{"name":"Layer 3","keyframes":[{"visible":false,"tweened":false,"duration":10,"loc":[30,35],"scale":[2.8571,2.6923],"pivot":[10.5,13],"index":0,"ref":"~Walk_Anim"},{"tweened":false,"duration":11,"loc":[30,35],"scale":[2.8571,2.6923],"pivot":[10.5,13],"index":10,"ref":"~Walk_Anim"}]},{"name":"Layer 2","keyframes":[{"duration":10,"index":0,"label":"idle"},{"duration":11,"index":10,"label":"walk"}]}]},{"id":"Platform","layers":[{"name":"styles","keyframes":[{"tweened":false,"duration":9,"index":0,"label":"Wood02","ref":"WoodenPlatformGraphic"}]}]},{"id":"Scene","layers":[{"name":"platform1","keyframes":[{"customData":{"$topCollideOnly":true,"Platform":true},"duration":1,"loc":[0,705.95],"tweened":false,"index":0,"ref":"platform01Wrapper"}]},{"name":"platform2","keyframes":[{"duration":1,"index":0}]},{"name":"platform3","keyframes":[{"customData":{"$topCollideOnly":true,"Platform":true},"duration":1,"loc":[434.95,478.95],"scale":[1.9385,1],"tweened":false,"index":0,"ref":"YellowPlatform"}]},{"name":"platform4","keyframes":[{"customData":{"$topCollideOnly":true,"Platform":true},"duration":1,"loc":[777.95,406.5],"scale":[1.9385,1],"tweened":false,"index":0,"ref":"YellowPlatform"}]},{"name":"platform5","keyframes":[{"customData":{"$topCollideOnly":true,"Platform":true},"duration":1,"loc":[1085.95,334.2],"scale":[1.9385,1],"tweened":false,"index":0,"ref":"YellowPlatform"}]},{"name":"platform6","keyframes":[{"duration":1,"index":0}]},{"name":"platform_move","keyframes":[{"customData":{"$topCollideOnly":true,"Platform":true},"duration":1,"loc":[1710.9,478.95],"scale":[1.9385,1],"tweened":false,"index":0,"ref":"YellowPlatform"}]},{"name":"Layer 2","keyframes":[{"customData":{"$looping":false,"Platform":true,"$topCollideOnly":true,"$twoWays":false},"duration":1,"loc":[2059.85,423.55],"scale":[1.4692,1],"tweened":false,"index":0,"ref":"Platform"}]},{"name":"star1","keyframes":[{"customData":{"Coin":true},"tweened":false,"duration":1,"loc":[719.4,362.1],"pivot":[15.4,18.9],"index":0,"ref":"Star"}]},{"name":"star2","keyframes":[{"customData":{"Coin":true},"tweened":false,"duration":1,"loc":[1392.35,369],"pivot":[15.4,18.9],"index":0,"ref":"Star"}]},{"name":"Layer 3","keyframes":[{"customData":{"Coin":true},"tweened":false,"duration":1,"loc":[1663.4,444.4],"pivot":[15.4,18.9],"index":0,"ref":"Star"}]},{"name":"cock","keyframes":[{"customData":{"$speed":4,"Character":true,"$friction":0.75,"TouchInput":true,"$slideSpeed":0.75},"duration":1,"loc":[144.5,404.45],"tweened":false,"index":0,"ref":"AnimRobot"}]}]},{"id":"Star","layers":[{"name":"s","keyframes":[{"tweened":false,"duration":1,"index":0,"ref":"StarGraph"},{"duration":18,"index":1,"ref":"StarGraph"},{"skew":[0,3.1416],"duration":10,"loc":[23,-60],"scale":[0.4706,0.498],"index":19,"ref":"StarGraph"},{"skew":[0,3.1416],"duration":1,"loc":[13,-77],"scale":[0.065,0.498],"tweened":false,"alpha":0,"index":29,"ref":"StarGraph"},{"skew":[0,3.1416],"duration":1,"loc":[13,-77],"scale":[0.065,0.498],"visible":false,"tweened":false,"index":30,"ref":"StarGraph"}]}]},{"id":"YellowPlatform","layers":[{"name":"Layer 1","keyframes":[{"tweened":false,"duration":1,"index":0,"ref":"YellowGraph"}]}]},{"id":"platform01Wrapper","layers":[{"name":"Layer 1","keyframes":[{"tweened":false,"duration":1,"index":0,"ref":"platform01_Sec01"}]}]},{"id":"~Idle_Anim","layers":[{"name":"Layer 1","keyframes":[{"tweened":false,"duration":2,"loc":[11,13.5],"pivot":[11,13.5],"index":0,"ref":"Idle_Graph_1"},{"tweened":false,"duration":2,"loc":[10.5,13.5],"pivot":[10.5,13.5],"index":2,"ref":"Idle_Graph_2"},{"tweened":false,"duration":2,"loc":[10.5,13.5],"pivot":[10.5,13.5],"index":4,"ref":"Idle_Graph_3"},{"tweened":false,"duration":2,"loc":[10.5,13.5],"pivot":[10.5,13.5],"index":6,"ref":"Idle_Graph_4"},{"tweened":false,"duration":2,"loc":[10.95,13.5],"pivot":[10.95,13.5],"index":8,"ref":"Idle_Graph_5"},{"tweened":false,"duration":2,"loc":[11.5,13.5],"pivot":[11.5,13.5],"index":10,"ref":"Idle_Graph_6"},{"tweened":false,"duration":2,"loc":[11,13.5],"pivot":[11,13.5],"index":12,"ref":"Idle_Graph_7"},{"tweened":false,"duration":2,"loc":[11,13.5],"pivot":[11,13.5],"index":14,"ref":"Idle_Graph_8"},{"tweened":false,"duration":2,"loc":[10.5,13.5],"pivot":[10.5,13.5],"index":16,"ref":"Idle_Graph_9"}]}]},{"id":"~Walk_Anim","layers":[{"name":"Layer 1","keyframes":[{"tweened":false,"duration":2,"loc":[10.5,13],"pivot":[10.5,13],"index":0,"ref":"Walk_Graph_1"},{"tweened":false,"duration":2,"loc":[10.5,13],"pivot":[10.5,13],"index":2,"ref":"Walk_Graph_2"},{"tweened":false,"duration":2,"loc":[10.5,13],"pivot":[10.5,13],"index":4,"ref":"Walk_Graph_3"},{"tweened":false,"duration":2,"loc":[10.5,13],"pivot":[10.5,13],"index":6,"ref":"Walk_Graph_4"},{"tweened":false,"duration":2,"loc":[10.5,13],"pivot":[10.5,13],"index":8,"ref":"Walk_Graph_5"},{"tweened":false,"duration":2,"loc":[10.5,13],"pivot":[10.5,13],"index":10,"ref":"Walk_Graph_6"},{"tweened":false,"duration":2,"loc":[10.5,13],"pivot":[10.5,13],"index":12,"ref":"Walk_Graph_7"},{"tweened":false,"duration":2,"loc":[11,13],"pivot":[11,13],"index":14,"ref":"Walk_Graph_8"},{"tweened":false,"duration":2,"loc":[11,13],"pivot":[11,13],"index":16,"ref":"Walk_Graph_9"},{"tweened":false,"duration":2,"loc":[11,13],"pivot":[11,13],"index":18,"ref":"Walk_Graph_10"},{"tweened":false,"duration":2,"loc":[11,13],"pivot":[11,13],"index":20,"ref":"Walk_Graph_11"},{"tweened":false,"duration":2,"loc":[10.5,13],"pivot":[10.5,13],"index":22,"ref":"Walk_Graph_12"}]}]}],"textureGroups":[{"atlases":[{"file":"atlas0.atf","textures":[{"symbol":"platform01_Sec01","origin":[0,0],"rect":[1,1,828,184]},{"symbol":"Symbol3","origin":[0.5,0.5],"rect":[831,1,176,539]},{"symbol":"playerStaticPlaceholder","origin":[82.5,91.5],"rect":[1,187,165,183]},{"symbol":"YellowGraph","origin":[0,0],"rect":[168,187,130,26]},{"symbol":"WoodenPlatformGraphic","origin":[0,0],"rect":[300,187,130,26]},{"symbol":"CockGraph","origin":[0,0],"rect":[432,187,47,47]},{"symbol":"StarGraph","origin":[0,0],"rect":[481,187,30,37]},{"symbol":"Idle_Graph_6","origin":[0,0],"rect":[513,187,23,27]},{"symbol":"Idle_Graph_7","origin":[0,0],"rect":[538,187,22,27]},{"symbol":"Idle_Graph_1","origin":[0,0],"rect":[562,187,22,27]},{"symbol":"Idle_Graph_8","origin":[0,0],"rect":[586,187,22,27]},{"symbol":"Walk_Graph_8","origin":[0,0],"rect":[610,187,22,26]},{"symbol":"Walk_Graph_10","origin":[0,0],"rect":[634,187,22,26]},{"symbol":"Walk_Graph_11","origin":[0,0],"rect":[658,187,22,26]},{"symbol":"Walk_Graph_9","origin":[0,0],"rect":[682,187,22,26]},{"symbol":"Idle_Graph_5","origin":[0,0],"rect":[706,187,21,27]},{"symbol":"Idle_Graph_9","origin":[0,0],"rect":[729,187,21,27]},{"symbol":"Idle_Graph_4","origin":[0,0],"rect":[752,187,21,27]},{"symbol":"Idle_Graph_2","origin":[0,0],"rect":[775,187,21,27]},{"symbol":"Idle_Graph_3","origin":[0,0],"rect":[798,187,21,27]},{"symbol":"Walk_Graph_3","origin":[0,0],"rect":[169,215,21,26]},{"symbol":"Walk_Graph_7","origin":[0,0],"rect":[193,215,21,26]},{"symbol":"Walk_Graph_2","origin":[0,0],"rect":[217,215,21,26]},{"symbol":"Walk_Graph_12","origin":[0,0],"rect":[241,215,21,26]},{"symbol":"Walk_Graph_1","origin":[0,0],"rect":[265,215,21,26]},{"symbol":"Walk_Graph_6","origin":[0,0],"rect":[289,215,21,26]},{"symbol":"Walk_Graph_4","origin":[0,0],"rect":[313,215,21,26]},{"symbol":"Walk_Graph_5","origin":[0,0],"rect":[337,215,21,26]}]}],"scaleFactor":1}],"md5":"c406d926b65044f4188c289877e3ca5b"}
