{"movies":[{"layers":[{"name":"Layer 1","keyframes":[{"index":0,"label":"goingDown","skew":[-1.5708,-1.5708],"duration":39,"scale":[0.512,1],"ref":"PlatformGraph"},{"label":"down","duration":1,"index":39,"ref":"PlatformGraph","scale":[0.512,1]},{"label":"goingUp","duration":39,"index":40,"ref":"PlatformGraph","scale":[0.512,1]},{"tweened":false,"index":79,"label":"up","skew":[-1.5708,-1.5708],"duration":1,"scale":[0.512,1],"ref":"PlatformGraph"}]}],"id":"BridgePlatform"},{"layers":[{"name":"Layer 1","keyframes":[{"tweened":false,"index":0,"loc":[33,42.5],"duration":1,"pivot":[33.5,43],"ref":"CockGraph"}]}],"id":"Cock"},{"scale9Grid":"(x=43, y=4.5, w=243.55, h=9)","layers":[{"name":"Layer 1","keyframes":[{"tweened":false,"index":0,"customData":{"style":"defaultValue"},"loc":[162.9,9],"duration":1,"pivot":[162.9,9],"ref":"Platform"}]}],"id":"Feathers_Scale9Image"},{"layers":[{"name":"texture","keyframes":[{"tweened":false,"label":"Wood01","duration":8,"index":0,"ref":"PlatformGraph"},{"tweened":false,"duration":9,"scale":[2.5,1],"loc":[162.5,13],"label":"Wood02","pivot":[65,13],"index":8,"ref":"WoodenPlatformGraphic"}]}],"id":"Platform"},{"layers":[{"name":"platform1","keyframes":[{"tweened":false,"index":0,"customData":{"style":"defaultValue"},"loc":[0,703],"duration":1,"scale":[2.0621,1],"ref":"Platform"}]},{"name":"platform3","keyframes":[{"tweened":false,"index":0,"customData":{"style":"Wood02"},"loc":[346.1,576],"duration":1,"ref":"Platform"}]},{"name":"platform4","keyframes":[{"loc":[526.05,423],"tweened":false,"duration":1,"index":0,"ref":"~MovingPlatform"}]},{"name":"platform5","keyframes":[{"tweened":false,"index":0,"customData":{"style":"defaultValue"},"loc":[195.2,217],"duration":1,"ref":"Platform"}]},{"name":"platform2","keyframes":[{"loc":[906.05,268],"tweened":false,"duration":1,"index":0,"ref":"BridgePlatform"}]},{"name":"star1","keyframes":[{"loc":[393,480.15],"tweened":false,"duration":1,"index":0,"ref":"Star"}]},{"name":"star2","keyframes":[{"loc":[708.05,456.05],"tweened":false,"duration":1,"index":0,"ref":"Star"}]},{"name":"star3","keyframes":[{"loc":[95.05,423],"tweened":false,"duration":1,"index":0,"ref":"Star"}]},{"name":"cock","keyframes":[{"loc":[150.95,518],"tweened":false,"duration":1,"index":0,"ref":"Cock"}]}],"id":"Scene"},{"layers":[{"name":"s","keyframes":[{"tweened":false,"duration":1,"index":0,"ref":"StarGraph"},{"duration":18,"index":1,"ref":"StarGraph"},{"index":19,"loc":[23,-60],"skew":[0,3.1416],"duration":10,"scale":[0.4706,0.498],"ref":"StarGraph"},{"tweened":false,"index":29,"alpha":0,"loc":[13,-77],"skew":[0,3.1416],"duration":1,"scale":[0.065,0.498],"ref":"StarGraph"},{"tweened":false,"index":30,"visible":false,"loc":[13,-77],"skew":[0,3.1416],"duration":1,"scale":[0.065,0.498],"ref":"StarGraph"}]}],"id":"Star"},{"layers":[{"name":"flat","keyframes":[{"tweened":false,"index":0,"loc":[162.9,9],"duration":1,"pivot":[162.9,9],"ref":"Platform"}]},{"name":"query","keyframes":[{"tweened":false,"index":0,"loc":[250,-69],"duration":1,"pivot":[162.9,9],"ref":"PlatformGraph"}]}],"id":"TestQuery"},{"layers":[{"name":"Layer 1","keyframes":[{"duration":39,"index":0,"ref":"Platform","customData":{"styleName":"defaultValue"}},{"loc":[0,-90],"duration":40,"index":39,"ref":"Platform"},{"tweened":false,"duration":1,"index":79,"ref":"Platform"}]}],"id":"~MovingPlatform"}],"textureGroups":[{"scaleFactor":1,"atlases":[{"file":"atlas0.png","textures":[{"symbol":"PlatformGraph","rect":[1,1,325,18],"origin":[0,0]},{"symbol":"CockGraph","rect":[328,1,67,86],"origin":[0.5,0.5]},{"symbol":"WoodenPlatformGraphic","rect":[1,21,130,26],"origin":[0,0]},{"symbol":"StarGraph","rect":[397,1,30,37],"origin":[0,0]}]}]}],"md5":"4068ded7c1675f3394d5336d0dff3b8c","frameRate":60}