{"md5":"c406d926b65044f4188c289877e3ca5b","frameRate":60,"textureGroups":[{"scaleFactor":1,"atlases":[{"textures":[{"symbol":"platform01_Sec01","origin":[0,0],"rect":[1,1,828,184]},{"symbol":"Symbol3","origin":[0.5,0.5],"rect":[831,1,176,539]},{"symbol":"playerStaticPlaceholder","origin":[82.5,91.5],"rect":[1,187,165,183]},{"symbol":"YellowGraph","origin":[0,0],"rect":[168,187,130,26]},{"symbol":"WoodenPlatformGraphic","origin":[0,0],"rect":[300,187,130,26]},{"symbol":"CockGraph","origin":[0,0],"rect":[432,187,47,47]},{"symbol":"StarGraph","origin":[0,0],"rect":[481,187,30,37]},{"symbol":"Idle_Graph_6","origin":[0,0],"rect":[513,187,23,27]},{"symbol":"Idle_Graph_7","origin":[0,0],"rect":[538,187,22,27]},{"symbol":"Idle_Graph_1","origin":[0,0],"rect":[562,187,22,27]},{"symbol":"Idle_Graph_8","origin":[0,0],"rect":[586,187,22,27]},{"symbol":"Walk_Graph_8","origin":[0,0],"rect":[610,187,22,26]},{"symbol":"Walk_Graph_10","origin":[0,0],"rect":[634,187,22,26]},{"symbol":"Walk_Graph_11","origin":[0,0],"rect":[658,187,22,26]},{"symbol":"Walk_Graph_9","origin":[0,0],"rect":[682,187,22,26]},{"symbol":"Idle_Graph_5","origin":[0,0],"rect":[706,187,21,27]},{"symbol":"Idle_Graph_9","origin":[0,0],"rect":[729,187,21,27]},{"symbol":"Idle_Graph_4","origin":[0,0],"rect":[752,187,21,27]},{"symbol":"Idle_Graph_2","origin":[0,0],"rect":[775,187,21,27]},{"symbol":"Idle_Graph_3","origin":[0,0],"rect":[798,187,21,27]},{"symbol":"Walk_Graph_3","origin":[0,0],"rect":[169,215,21,26]},{"symbol":"Walk_Graph_7","origin":[0,0],"rect":[193,215,21,26]},{"symbol":"Walk_Graph_2","origin":[0,0],"rect":[217,215,21,26]},{"symbol":"Walk_Graph_12","origin":[0,0],"rect":[241,215,21,26]},{"symbol":"Walk_Graph_1","origin":[0,0],"rect":[265,215,21,26]},{"symbol":"Walk_Graph_6","origin":[0,0],"rect":[289,215,21,26]},{"symbol":"Walk_Graph_4","origin":[0,0],"rect":[313,215,21,26]},{"symbol":"Walk_Graph_5","origin":[0,0],"rect":[337,215,21,26]}],"file":"atlas0.png"}]}],"movies":[{"layers":[{"keyframes":[{"duration":9,"ref":"playerStaticPlaceholder","label":"idle","tweened":false,"index":0,"pivot":[82.5,91.5]},{"duration":10,"ref":"playerStaticPlaceholder","label":"walk","tweened":false,"index":9,"pivot":[82.5,91.5]}],"name":"playerStaticPlaceholder"}],"id":"AnimRobot"},{"layers":[{"keyframes":[{"duration":39,"index":0,"label":"goingDown"},{"duration":1,"index":39,"label":"down"},{"duration":39,"index":40,"label":"goingUp"},{"duration":1,"index":79,"label":"up"}],"name":"Layer 1"}],"id":"BridgePlatform"},{"layers":[{"keyframes":[{"duration":10,"ref":"~Idle_Anim","loc":[30.0001,35],"pivot":[11,13.5],"scale":[2.7273,2.5926],"index":0,"tweened":false},{"visible":false,"duration":11,"ref":"~Idle_Anim","loc":[30.0001,35],"pivot":[11,13.5],"scale":[2.7273,2.5926],"index":10,"tweened":false}],"name":"Layer 1"},{"keyframes":[{"visible":false,"duration":10,"ref":"~Walk_Anim","loc":[30,35],"pivot":[10.5,13],"scale":[2.8571,2.6923],"index":0,"tweened":false},{"duration":11,"ref":"~Walk_Anim","loc":[30,35],"pivot":[10.5,13],"scale":[2.8571,2.6923],"index":10,"tweened":false}],"name":"Layer 3"},{"keyframes":[{"duration":10,"index":0,"label":"idle"},{"duration":11,"index":10,"label":"walk"}],"name":"Layer 2"}],"id":"Cock"},{"layers":[{"keyframes":[{"duration":9,"index":0,"ref":"WoodenPlatformGraphic","label":"Wood02","tweened":false}],"name":"styles"}],"id":"Platform"},{"layers":[{"keyframes":[{"duration":1,"ref":"platform01Wrapper","loc":[0,705.95],"tweened":false,"index":0,"customData":{"Platform":true,"$topCollideOnly":true}}],"name":"platform1"},{"keyframes":[{"index":0,"duration":1}],"name":"platform2"},{"keyframes":[{"duration":1,"ref":"YellowPlatform","loc":[434.95,478.95],"tweened":false,"scale":[1.9385,1],"index":0,"customData":{"Platform":true,"$topCollideOnly":true}}],"name":"platform3"},{"keyframes":[{"duration":1,"ref":"YellowPlatform","loc":[777.95,406.5],"tweened":false,"scale":[1.9385,1],"index":0,"customData":{"Platform":true,"$topCollideOnly":true}}],"name":"platform4"},{"keyframes":[{"duration":1,"ref":"YellowPlatform","loc":[1085.95,334.2],"tweened":false,"scale":[1.9385,1],"index":0,"customData":{"Platform":true,"$topCollideOnly":true}}],"name":"platform5"},{"keyframes":[{"index":0,"duration":1}],"name":"platform6"},{"keyframes":[{"duration":1,"ref":"YellowPlatform","loc":[1710.9,478.95],"tweened":false,"scale":[1.9385,1],"index":0,"customData":{"Platform":true,"$topCollideOnly":true}}],"name":"platform_move"},{"keyframes":[{"duration":1,"ref":"Platform","loc":[2059.85,423.55],"tweened":false,"scale":[1.4692,1],"index":0,"customData":{"$looping":false,"$topCollideOnly":true,"Platform":true,"$twoWays":false}}],"name":"Layer 2"},{"keyframes":[{"duration":1,"ref":"Star","loc":[719.4,362.1],"pivot":[15.4,18.9],"index":0,"customData":{"Coin":true},"tweened":false}],"name":"star1"},{"keyframes":[{"duration":1,"ref":"Star","loc":[1392.35,369],"pivot":[15.4,18.9],"index":0,"customData":{"Coin":true},"tweened":false}],"name":"star2"},{"keyframes":[{"duration":1,"ref":"Star","loc":[1663.4,444.4],"pivot":[15.4,18.9],"index":0,"customData":{"Coin":true},"tweened":false}],"name":"Layer 3"},{"keyframes":[{"duration":1,"ref":"AnimRobot","loc":[144.5,404.45],"tweened":false,"index":0,"customData":{"TouchInput":true,"$speed":4,"$slideSpeed":0.75,"$friction":0.75,"Character":true}}],"name":"cock"}],"id":"Scene"},{"layers":[{"keyframes":[{"duration":1,"index":0,"ref":"StarGraph","tweened":false},{"duration":18,"index":1,"ref":"StarGraph"},{"duration":10,"ref":"StarGraph","skew":[0,3.1416],"scale":[0.4706,0.498],"index":19,"loc":[23,-60]},{"duration":1,"ref":"StarGraph","skew":[0,3.1416],"tweened":false,"scale":[0.065,0.498],"alpha":0,"index":29,"loc":[13,-77]},{"visible":false,"duration":1,"ref":"StarGraph","skew":[0,3.1416],"tweened":false,"scale":[0.065,0.498],"index":30,"loc":[13,-77]}],"name":"s"}],"id":"Star"},{"layers":[{"keyframes":[{"duration":1,"index":0,"ref":"YellowGraph","tweened":false}],"name":"Layer 1"}],"id":"YellowPlatform"},{"layers":[{"keyframes":[{"duration":1,"index":0,"ref":"platform01_Sec01","tweened":false}],"name":"Layer 1"}],"id":"platform01Wrapper"},{"layers":[{"keyframes":[{"duration":2,"ref":"Idle_Graph_1","loc":[11,13.5],"pivot":[11,13.5],"index":0,"tweened":false},{"duration":2,"ref":"Idle_Graph_2","loc":[10.5,13.5],"pivot":[10.5,13.5],"index":2,"tweened":false},{"duration":2,"ref":"Idle_Graph_3","loc":[10.5,13.5],"pivot":[10.5,13.5],"index":4,"tweened":false},{"duration":2,"ref":"Idle_Graph_4","loc":[10.5,13.5],"pivot":[10.5,13.5],"index":6,"tweened":false},{"duration":2,"ref":"Idle_Graph_5","loc":[10.95,13.5],"pivot":[10.95,13.5],"index":8,"tweened":false},{"duration":2,"ref":"Idle_Graph_6","loc":[11.5,13.5],"pivot":[11.5,13.5],"index":10,"tweened":false},{"duration":2,"ref":"Idle_Graph_7","loc":[11,13.5],"pivot":[11,13.5],"index":12,"tweened":false},{"duration":2,"ref":"Idle_Graph_8","loc":[11,13.5],"pivot":[11,13.5],"index":14,"tweened":false},{"duration":2,"ref":"Idle_Graph_9","loc":[10.5,13.5],"pivot":[10.5,13.5],"index":16,"tweened":false}],"name":"Layer 1"}],"id":"~Idle_Anim"},{"layers":[{"keyframes":[{"duration":2,"ref":"Walk_Graph_1","loc":[10.5,13],"pivot":[10.5,13],"index":0,"tweened":false},{"duration":2,"ref":"Walk_Graph_2","loc":[10.5,13],"pivot":[10.5,13],"index":2,"tweened":false},{"duration":2,"ref":"Walk_Graph_3","loc":[10.5,13],"pivot":[10.5,13],"index":4,"tweened":false},{"duration":2,"ref":"Walk_Graph_4","loc":[10.5,13],"pivot":[10.5,13],"index":6,"tweened":false},{"duration":2,"ref":"Walk_Graph_5","loc":[10.5,13],"pivot":[10.5,13],"index":8,"tweened":false},{"duration":2,"ref":"Walk_Graph_6","loc":[10.5,13],"pivot":[10.5,13],"index":10,"tweened":false},{"duration":2,"ref":"Walk_Graph_7","loc":[10.5,13],"pivot":[10.5,13],"index":12,"tweened":false},{"duration":2,"ref":"Walk_Graph_8","loc":[11,13],"pivot":[11,13],"index":14,"tweened":false},{"duration":2,"ref":"Walk_Graph_9","loc":[11,13],"pivot":[11,13],"index":16,"tweened":false},{"duration":2,"ref":"Walk_Graph_10","loc":[11,13],"pivot":[11,13],"index":18,"tweened":false},{"duration":2,"ref":"Walk_Graph_11","loc":[11,13],"pivot":[11,13],"index":20,"tweened":false},{"duration":2,"ref":"Walk_Graph_12","loc":[10.5,13],"pivot":[10.5,13],"index":22,"tweened":false}],"name":"Layer 1"}],"id":"~Walk_Anim"}]}