{"textureGroups":[{"atlases":[{"file":"atlas0.png","textures":[{"symbol":"PlatformGraph","rect":[1,1,325,18],"origin":[0,0]},{"symbol":"CockGraph","rect":[328,1,67,86],"origin":[0.5,0.5]},{"symbol":"StarGraph","rect":[397,1,30,37],"origin":[0,0]}]}],"scaleFactor":1}],"md5":"7d1866ff4cfe3d6bc7397c1763dcbfca","frameRate":60,"movies":[{"layers":[{"keyframes":[{"duration":39,"ref":"PlatformGraph","skew":[-1.5708,-1.5708],"label":"goingDown","index":0,"scale":[0.512,1]},{"duration":1,"label":"down","index":39,"ref":"PlatformGraph","scale":[0.512,1]},{"duration":39,"label":"goingUp","index":40,"ref":"PlatformGraph","scale":[0.512,1]},{"duration":1,"label":"up","ref":"PlatformGraph","skew":[-1.5708,-1.5708],"tweened":false,"index":79,"scale":[0.512,1]}],"name":"Layer 1"}],"id":"BridgePlatform"},{"layers":[{"keyframes":[{"duration":1,"ref":"CockGraph","loc":[33,42.5],"tweened":false,"index":0,"pivot":[33.5,43]}],"name":"Layer 1"}],"id":"Cock"},{"layers":[{"keyframes":[{"duration":1,"ref":"PlatformGraph","loc":[146.4,13.95],"tweened":false,"index":0,"pivot":[146.4,13.95]}],"name":"Layer 1"}],"id":"Platform"},{"layers":[{"keyframes":[{"duration":1,"index":0,"loc":[0,703],"tweened":false,"scale":[2.0621,1],"ref":"Platform"}],"name":"platform1"},{"keyframes":[{"duration":1,"tweened":false,"index":0,"ref":"Platform","loc":[346.1,576]}],"name":"platform3"},{"keyframes":[{"duration":1,"tweened":false,"index":0,"ref":"~MovingPlatform","loc":[526.05,423]}],"name":"platform4"},{"keyframes":[{"duration":1,"tweened":false,"index":0,"ref":"Platform","loc":[195.2,217]}],"name":"platform5"},{"keyframes":[{"duration":1,"tweened":false,"index":0,"ref":"BridgePlatform","loc":[906.05,268]}],"name":"platform2"},{"keyframes":[{"duration":1,"tweened":false,"index":0,"ref":"Star","loc":[393,480.15]}],"name":"star1"},{"keyframes":[{"duration":1,"tweened":false,"index":0,"ref":"Star","loc":[708.05,456.05]}],"name":"star2"},{"keyframes":[{"duration":1,"tweened":false,"index":0,"ref":"Star","loc":[95.05,423]}],"name":"star3"},{"keyframes":[{"duration":1,"tweened":false,"index":0,"ref":"Cock","loc":[150.95,518]}],"name":"cock"}],"id":"Scene"},{"layers":[{"keyframes":[{"duration":1,"tweened":false,"index":0,"ref":"StarGraph"},{"duration":18,"index":1,"ref":"StarGraph"},{"duration":10,"index":19,"loc":[23,-60],"skew":[0,3.1416],"scale":[0.4706,0.498],"ref":"StarGraph"},{"duration":1,"index":29,"loc":[13,-77],"skew":[0,3.1416],"tweened":false,"scale":[0.065,0.498],"ref":"StarGraph","alpha":0},{"duration":1,"index":30,"loc":[13,-77],"skew":[0,3.1416],"visible":false,"tweened":false,"scale":[0.065,0.498],"ref":"StarGraph"}],"name":"s"}],"id":"Star"},{"layers":[{"keyframes":[{"duration":1,"ref":"Platform","loc":[162.9,9],"tweened":false,"index":0,"pivot":[162.9,9]}],"name":"flat"},{"keyframes":[{"duration":1,"ref":"PlatformGraph","loc":[250,-69],"tweened":false,"index":0,"pivot":[162.9,9]}],"name":"query"}],"id":"TestQuery"},{"layers":[{"keyframes":[{"duration":39,"index":0,"ref":"Platform"},{"duration":40,"index":39,"ref":"Platform","loc":[0,-90]},{"duration":1,"tweened":false,"index":79,"ref":"Platform"}],"name":"Layer 1"}],"id":"~MovingPlatform"}]}