{"md5":"4c4500ef6688827aff381e421809255b","frameRate":60,"movies":[{"layers":[{"keyframes":[{"label":"goingDown","duration":39,"scale":[0.512,1],"ref":"PlatformGraph","index":0,"skew":[-1.5708,-1.5708]},{"scale":[0.512,1],"ref":"PlatformGraph","index":39,"label":"down","duration":1},{"scale":[0.512,1],"ref":"PlatformGraph","index":40,"label":"goingUp","duration":39},{"tweened":false,"skew":[-1.5708,-1.5708],"duration":1,"scale":[0.512,1],"ref":"PlatformGraph","index":79,"label":"up"}],"name":"Layer 1"}],"id":"BridgePlatform"},{"layers":[{"keyframes":[{"index":0,"loc":[33,42.5],"pivot":[33.5,43],"ref":"CockGraph","tweened":false,"duration":1}],"name":"Layer 1"}],"id":"Cock"},{"layers":[{"keyframes":[{"ref":"PlatformGraph","index":0,"tweened":false,"label":"Wood01","duration":8},{"ref":"WoodenPlatformGraphic","index":8,"tweened":false,"label":"Wood02","duration":9}],"name":"texture"}],"id":"Platform"},{"layers":[{"keyframes":[{"customData":{"generator":"Scale9ImageWrapper"},"index":0,"loc":[0,703],"duration":1,"scale":[6.7849,1],"ref":"~Scale9Platform","tweened":false}],"name":"platform1"},{"keyframes":[{"customData":{"style":"Wood01"},"index":0,"loc":[406.05,556],"duration":1,"scale":[2.5846,1],"ref":"Platform","tweened":false}],"name":"platform3"},{"keyframes":[{"index":0,"loc":[526.05,423],"duration":1,"scale":[2.4462,1],"ref":"~MovingPlatform","tweened":false}],"name":"platform4"},{"keyframes":[{"customData":{"style":"defaultValue"},"index":0,"loc":[195.2,217],"duration":1,"scale":[2.3462,1],"ref":"Platform","tweened":false}],"name":"platform5"},{"keyframes":[{"index":0,"loc":[906.05,268],"duration":1,"scale":[1,2.698],"ref":"BridgePlatform","tweened":false}],"name":"platform2"},{"keyframes":[{"ref":"Star","tweened":false,"index":0,"loc":[393,480.15],"duration":1}],"name":"star1"},{"keyframes":[{"ref":"Star","tweened":false,"index":0,"loc":[708.05,456.05],"duration":1}],"name":"star2"},{"keyframes":[{"ref":"Star","tweened":false,"index":0,"loc":[95.05,423],"duration":1}],"name":"star3"},{"keyframes":[{"ref":"Cock","tweened":false,"index":0,"loc":[150.95,518],"duration":1}],"name":"cock"}],"id":"Scene"},{"layers":[{"keyframes":[{"ref":"StarGraph","index":0,"tweened":false,"duration":1},{"ref":"StarGraph","index":1,"duration":18},{"loc":[23,-60],"skew":[0,3.1416],"duration":10,"scale":[0.4706,0.498],"ref":"StarGraph","index":19},{"loc":[13,-77],"skew":[0,3.1416],"duration":1,"scale":[0.065,0.498],"ref":"StarGraph","alpha":0,"index":29,"tweened":false},{"visible":false,"loc":[13,-77],"skew":[0,3.1416],"duration":1,"scale":[0.065,0.498],"ref":"StarGraph","index":30,"tweened":false}],"name":"s"}],"id":"Star"},{"layers":[{"keyframes":[{"ref":"Platform","customData":{"style":"defaultValue"},"index":0,"duration":39},{"ref":"Platform","index":39,"loc":[0,-90],"duration":40},{"ref":"Platform","index":79,"tweened":false,"duration":1}],"name":"Layer 1"}],"id":"~MovingPlatform"},{"scale9Grid":"(x=5, y=4.5, w=117, h=15.5)","layers":[{"keyframes":[{"ref":"Platform","customData":{"style":"Wood02"},"index":0,"tweened":false,"duration":1}],"name":"Layer 1"}],"id":"~Scale9Platform"}],"textureGroups":[{"scaleFactor":1,"atlases":[{"textures":[{"rect":[1,1,67,86],"symbol":"CockGraph","origin":[0.5,0.5]},{"rect":[70,1,130,26],"symbol":"WoodenPlatformGraphic","origin":[0,0]},{"rect":[70,29,130,26],"symbol":"PlatformGraph","origin":[0,0]},{"rect":[202,1,30,37],"symbol":"StarGraph","origin":[0,0]}],"file":"atlas0.png"}]}]}