{"md5":"941ad971f2215da550de0f8ebc2d1396","frameRate":60,"textureGroups":[{"scaleFactor":1,"atlases":[{"textures":[{"symbol":"WoodenPlatformGraphic","origin":[0,0],"rect":[1,1,130,26]},{"symbol":"YellowGraph","origin":[0,0],"rect":[1,29,130,26]},{"symbol":"CockGraph","origin":[0,0],"rect":[133,1,47,47]},{"symbol":"StarGraph","origin":[0,0],"rect":[182,1,30,37]}],"file":"atlas0.png"}]}],"movies":[{"layers":[{"keyframes":[{"duration":39,"index":0,"label":"goingDown"},{"duration":1,"index":39,"label":"down"},{"duration":39,"index":40,"label":"goingUp"},{"duration":1,"index":79,"label":"up"}],"name":"Layer 1"}],"id":"BridgePlatform"},{"layers":[{"keyframes":[{"duration":1,"index":0,"ref":"CockGraph","tweened":false}],"name":"Layer 1"}],"id":"Cock"},{"layers":[{"keyframes":[{"duration":9,"index":0,"ref":"WoodenPlatformGraphic","label":"Wood02","tweened":false}],"name":"styles"}],"id":"Platform"},{"layers":[{"keyframes":[{"duration":1,"ref":"CockGraph","tweened":false,"scale":[15.4367,7.9433],"alpha":0.2383,"index":0}],"name":"platform4"},{"keyframes":[{"tweened":false,"duration":1,"index":0,"ref":"~MovingPlatform","loc":[0,298]}],"name":"platform1"},{"keyframes":[{"duration":1,"ref":"YellowPlatform","loc":[418.95,128],"tweened":false,"index":0,"customData":{"Platform":true}}],"name":"platform3"},{"keyframes":[{"duration":1,"ref":"Platform","loc":[0,350],"tweened":false,"scale":[5.6229,1],"index":0,"customData":{"$twoWays":false,"$looping":true,"Platform":true}}],"name":"platform5"},{"keyframes":[{"tweened":false,"duration":1,"index":0,"ref":"~LoopingPlatform","loc":[219.95,258]}],"name":"platform2"},{"keyframes":[{"duration":1,"ref":"Star","loc":[274.05,59.15],"tweened":false,"index":0,"customData":{"Coin":true}}],"name":"star1"},{"keyframes":[{"duration":1,"ref":"Star","loc":[589.1,35.05],"tweened":false,"index":0,"customData":{"Coin":false}}],"name":"star2"},{"keyframes":[{"index":0,"duration":1}],"name":"star3"},{"keyframes":[{"duration":1,"ref":"Cock","loc":[23.75,23.75],"pivot":[23.75,23.75],"index":0,"customData":{"Character":true},"tweened":false}],"name":"cock"}],"id":"Scene"},{"layers":[{"keyframes":[{"duration":1,"index":0,"ref":"StarGraph","tweened":false},{"duration":18,"index":1,"ref":"StarGraph"},{"duration":10,"ref":"StarGraph","skew":[0,3.1416],"scale":[0.4706,0.498],"index":19,"loc":[23,-60]},{"duration":1,"ref":"StarGraph","skew":[0,3.1416],"tweened":false,"scale":[0.065,0.498],"alpha":0,"index":29,"loc":[13,-77]},{"visible":false,"duration":1,"ref":"StarGraph","skew":[0,3.1416],"tweened":false,"scale":[0.065,0.498],"index":30,"loc":[13,-77]}],"name":"s"}],"id":"Star"},{"layers":[{"keyframes":[{"duration":1,"ref":"YellowGraph","loc":[65,13],"pivot":[65,13],"index":0,"tweened":false}],"name":"Layer 1"}],"id":"YellowPlatform"},{"layers":[{"keyframes":[{"duration":12,"index":0,"ref":"Platform","customData":{"$twoWays":false,"$looping":true,"Platform":true},"tweened":false},{"duration":9,"ref":"Platform","loc":[87,-77],"tweened":false,"index":12,"customData":{"$twoWays":false,"$looping":true,"Platform":true}},{"duration":6,"ref":"Platform","loc":[71,-133],"tweened":false,"index":21,"customData":{"$twoWays":false,"Platform":true}},{"duration":5,"ref":"Platform","loc":[-32,-174],"tweened":false,"index":27,"customData":{"$twoWays":false,"Platform":true}},{"duration":4,"ref":"Platform","loc":[-112,-88],"tweened":false,"index":32,"customData":{"$twoWays":false,"Platform":true}},{"duration":5,"index":36,"ref":"Platform","customData":{"$twoWays":false,"Platform":true},"tweened":false}],"name":"Layer 1"}],"id":"~LoopingPlatform"},{"layers":[{"keyframes":[{"scale":[1.3846,1],"duration":29,"index":0,"ref":"Platform","customData":{"$twoWays":true,"Platform":true}},{"duration":1,"ref":"Platform","loc":[0,-124],"tweened":false,"scale":[1.3846,1],"index":29,"customData":{"$twoWays":true,"Platform":true}}],"name":"Layer 1"}],"id":"~MovingPlatform"}]}