{"md5":"870721ad368abc7a09e3a79f59f33cd9","frameRate":60,"textureGroups":[{"scaleFactor":1,"atlases":[{"textures":[{"symbol":"WoodenPlatformGraphic","origin":[0,0],"rect":[1,1,130,26]},{"symbol":"YellowGraph","origin":[0,0],"rect":[1,29,130,26]},{"symbol":"CockGraph","origin":[0,0],"rect":[133,1,47,47]},{"symbol":"StarGraph","origin":[0,0],"rect":[182,1,30,37]}],"file":"atlas0.png"}]}],"movies":[{"layers":[{"keyframes":[{"duration":39,"index":0,"label":"goingDown"},{"duration":1,"index":39,"label":"down"},{"duration":39,"index":40,"label":"goingUp"},{"duration":1,"index":79,"label":"up"}],"name":"Layer 1"}],"id":"BridgePlatform"},{"layers":[{"keyframes":[{"duration":1,"index":0,"ref":"CockGraph","tweened":false}],"name":"Layer 1"}],"id":"Cock"},{"layers":[{"keyframes":[{"duration":9,"index":0,"ref":"WoodenPlatformGraphic","label":"Wood02","tweened":false}],"name":"styles"}],"id":"Platform"},{"layers":[{"keyframes":[{"duration":1,"ref":"CockGraph","tweened":false,"scale":[15.4367,7.9433],"alpha":0.2383,"index":0}],"name":"platform4"},{"keyframes":[{"duration":1,"ref":"Platform","loc":[589.45,271],"pivot":[65,13],"index":0,"customData":{"Platform":false},"tweened":false}],"name":"platform1"},{"keyframes":[{"duration":1,"ref":"YellowPlatform","loc":[483.95,141],"pivot":[65,13],"index":0,"customData":{"Platform":true},"tweened":false}],"name":"platform3"},{"keyframes":[{"duration":1,"ref":"Platform","loc":[365.4881,363],"pivot":[65,13],"scale":[5.6229,1],"index":0,"customData":{"Platform":true},"tweened":false}],"name":"platform5"},{"keyframes":[{"duration":1,"ref":"Platform","loc":[240.95,245],"pivot":[65,13],"index":0,"customData":{"Platform":true},"tweened":false}],"name":"platform2"},{"keyframes":[{"duration":1,"ref":"Star","loc":[274.05,59.15],"tweened":false,"index":0,"customData":{"Coin":true}}],"name":"star1"},{"keyframes":[{"duration":1,"ref":"Star","loc":[589.1,35.05],"tweened":false,"index":0,"customData":{"Coin":true}}],"name":"star2"},{"keyframes":[{"index":0,"duration":1}],"name":"star3"},{"keyframes":[{"duration":1,"ref":"Cock","loc":[23.75,23.75],"pivot":[23.75,23.75],"index":0,"customData":{"Character":true},"tweened":false}],"name":"cock"}],"id":"Scene"},{"layers":[{"keyframes":[{"duration":1,"index":0,"ref":"StarGraph","tweened":false},{"duration":18,"index":1,"ref":"StarGraph"},{"duration":10,"ref":"StarGraph","skew":[0,3.1416],"scale":[0.4706,0.498],"index":19,"loc":[23,-60]},{"duration":1,"ref":"StarGraph","skew":[0,3.1416],"tweened":false,"scale":[0.065,0.498],"alpha":0,"index":29,"loc":[13,-77]},{"visible":false,"duration":1,"ref":"StarGraph","skew":[0,3.1416],"tweened":false,"scale":[0.065,0.498],"index":30,"loc":[13,-77]}],"name":"s"}],"id":"Star"},{"layers":[{"keyframes":[{"duration":1,"ref":"YellowGraph","loc":[65,13],"pivot":[65,13],"index":0,"tweened":false}],"name":"Layer 1"}],"id":"YellowPlatform"}]}