{"md5":"1967db7481315487d3534bb3fade0a68","frameRate":60,"textureGroups":[{"scaleFactor":1,"atlases":[{"textures":[{"symbol":"WoodenPlatformGraphic","origin":[0,0],"rect":[1,1,130,26]},{"symbol":"YellowGraph","origin":[0,0],"rect":[1,29,130,26]},{"symbol":"CockGraph","origin":[0,0],"rect":[133,1,47,47]},{"symbol":"StarGraph","origin":[0,0],"rect":[182,1,30,37]}],"file":"atlas0.png"}]}],"movies":[{"layers":[{"keyframes":[{"duration":39,"index":0,"label":"goingDown"},{"duration":1,"index":39,"label":"down"},{"duration":39,"index":40,"label":"goingUp"},{"duration":1,"index":79,"label":"up"}],"name":"Layer 1"}],"id":"BridgePlatform"},{"layers":[{"keyframes":[{"duration":1,"index":0,"ref":"CockGraph","tweened":false}],"name":"Layer 1"}],"id":"Cock"},{"layers":[{"keyframes":[{"duration":9,"index":0,"ref":"WoodenPlatformGraphic","label":"Wood02","tweened":false}],"name":"styles"}],"id":"Platform"},{"layers":[{"keyframes":[{"index":0,"duration":1}],"name":"platform4"},{"keyframes":[{"tweened":false,"duration":1,"index":0,"ref":"~MovingPlatform","loc":[0,428.05]}],"name":"platform1"},{"keyframes":[{"duration":1,"ref":"YellowPlatform","loc":[757.95,165.05],"tweened":false,"index":0,"customData":{"Platform":true}}],"name":"platform3"},{"keyframes":[{"duration":1,"ref":"Platform","loc":[0,580.05],"tweened":false,"scale":[6.8305,1],"index":0,"customData":{"$twoWays":false,"$looping":true,"Platform":true}}],"name":"platform5"},{"keyframes":[{"tweened":false,"duration":1,"index":0,"ref":"~LoopingPlatform","loc":[420,374]}],"name":"platform2"},{"keyframes":[{"duration":1,"ref":"Star","loc":[274.05,59.15],"tweened":false,"index":0,"customData":{"Coin":true}}],"name":"star1"},{"keyframes":[{"duration":1,"ref":"Star","loc":[701,21.3],"tweened":false,"index":0,"customData":{"Coin":false}}],"name":"star2"},{"keyframes":[{"index":0,"duration":1}],"name":"star3"},{"keyframes":[{"duration":1,"ref":"Cock","loc":[23.75,23.75],"pivot":[23.75,23.75],"index":0,"customData":{"$friction":1.25,"Character":true,"$maxVelocity":4},"tweened":false}],"name":"cock"}],"id":"Scene"},{"layers":[{"keyframes":[{"duration":1,"index":0,"ref":"StarGraph","tweened":false},{"duration":18,"index":1,"ref":"StarGraph"},{"duration":10,"ref":"StarGraph","skew":[0,3.1416],"scale":[0.4706,0.498],"index":19,"loc":[23,-60]},{"duration":1,"ref":"StarGraph","skew":[0,3.1416],"tweened":false,"scale":[0.065,0.498],"alpha":0,"index":29,"loc":[13,-77]},{"visible":false,"duration":1,"ref":"StarGraph","skew":[0,3.1416],"tweened":false,"scale":[0.065,0.498],"index":30,"loc":[13,-77]}],"name":"s"}],"id":"Star"},{"layers":[{"keyframes":[{"duration":1,"ref":"YellowGraph","loc":[65,13],"pivot":[65,13],"index":0,"tweened":false}],"name":"Layer 1"}],"id":"YellowPlatform"},{"layers":[{"keyframes":[{"duration":42,"index":0,"ref":"Platform","customData":{"$twoWays":false,"$looping":true,"Platform":true}},{"duration":45,"index":42,"ref":"Platform","customData":{"$twoWays":false,"$looping":true,"Platform":true},"loc":[123.05,-121]},{"duration":42,"index":87,"ref":"Platform","customData":{"$twoWays":false,"$looping":true,"Platform":true},"loc":[51,-217]},{"duration":42,"index":129,"ref":"Platform","customData":{"$twoWays":false,"Platform":true},"loc":[-32,-174]},{"duration":47,"index":171,"ref":"Platform","customData":{"$twoWays":false,"Platform":true},"loc":[-112,-88]},{"duration":1,"index":218,"ref":"Platform","customData":{"$twoWays":false,"Platform":true},"tweened":false}],"name":"Layer 1"}],"id":"~LoopingPlatform"},{"layers":[{"keyframes":[{"scale":[1.3846,1],"duration":69,"index":0,"ref":"Platform","customData":{"$twoWays":true,"$looping":true,"Platform":true}},{"duration":1,"ref":"Platform","loc":[0,-100],"tweened":false,"scale":[1.3846,1],"index":69,"customData":{"$twoWays":true,"$looping":true,"Platform":true}}],"name":"Layer 1"}],"id":"~MovingPlatform"}]}