{"md5":"1c52d1de61bdf0f8e57c9fa090ec7fb5","frameRate":60,"textureGroups":[{"scaleFactor":1,"atlases":[{"textures":[{"symbol":"Symbol3","origin":[0.5,0.5],"rect":[1,1,176,539]},{"symbol":"YellowGraph","origin":[0,0],"rect":[1,542,130,26]},{"symbol":"WoodenPlatformGraphic","origin":[0,0],"rect":[1,570,130,26]},{"symbol":"CockGraph","origin":[0,0],"rect":[179,1,47,47]},{"symbol":"StarGraph","origin":[0,0],"rect":[179,50,30,37]},{"symbol":"Idle_Graph_6","origin":[0,0],"rect":[228,1,23,27]},{"symbol":"Idle_Graph_7","origin":[0,0],"rect":[228,30,22,27]},{"symbol":"Idle_Graph_1","origin":[0,0],"rect":[211,59,22,27]},{"symbol":"Idle_Graph_8","origin":[0,0],"rect":[211,88,22,27]},{"symbol":"Walk_Graph_11","origin":[0,0],"rect":[179,89,22,26]},{"symbol":"Walk_Graph_8","origin":[0,0],"rect":[179,117,22,26]},{"symbol":"Walk_Graph_9","origin":[0,0],"rect":[203,117,22,26]},{"symbol":"Walk_Graph_10","origin":[0,0],"rect":[227,117,22,26]},{"symbol":"Idle_Graph_3","origin":[0,0],"rect":[179,145,21,27]},{"symbol":"Idle_Graph_5","origin":[0,0],"rect":[202,145,21,27]},{"symbol":"Idle_Graph_9","origin":[0,0],"rect":[225,145,21,27]},{"symbol":"Idle_Graph_4","origin":[0,0],"rect":[179,174,21,27]},{"symbol":"Idle_Graph_2","origin":[0,0],"rect":[202,174,21,27]},{"symbol":"Walk_Graph_2","origin":[0,0],"rect":[225,174,21,26]},{"symbol":"Walk_Graph_6","origin":[0,0],"rect":[225,202,21,26]},{"symbol":"Walk_Graph_7","origin":[0,0],"rect":[179,203,21,26]},{"symbol":"Walk_Graph_12","origin":[0,0],"rect":[202,203,21,26]},{"symbol":"Walk_Graph_1","origin":[0,0],"rect":[225,230,21,26]},{"symbol":"Walk_Graph_5","origin":[0,0],"rect":[179,231,21,26]},{"symbol":"Walk_Graph_3","origin":[0,0],"rect":[202,231,21,26]},{"symbol":"Walk_Graph_4","origin":[0,0],"rect":[225,258,21,26]}],"file":"atlas0.png"}]}],"movies":[{"layers":[{"keyframes":[{"duration":39,"index":0,"label":"goingDown"},{"duration":1,"index":39,"label":"down"},{"duration":39,"index":40,"label":"goingUp"},{"duration":1,"index":79,"label":"up"}],"name":"Layer 1"}],"id":"BridgePlatform"},{"layers":[{"keyframes":[{"duration":10,"ref":"~Idle_Anim","loc":[11,12.5],"pivot":[11,13.5],"index":0,"tweened":false},{"duration":11,"ref":"~Walk_Anim","loc":[10.5,13],"pivot":[10.5,13],"index":10,"tweened":false}],"name":"Layer 1"},{"keyframes":[{"duration":10,"index":0,"label":"idle"},{"duration":11,"index":10,"label":"walk"}],"name":"Layer 2"}],"id":"Cock"},{"layers":[{"keyframes":[{"duration":9,"index":0,"ref":"WoodenPlatformGraphic","label":"Wood02","tweened":false}],"name":"styles"}],"id":"Platform"},{"layers":[{"keyframes":[{"duration":1,"ref":"Platform","loc":[0,580.05],"tweened":false,"scale":[6.8305,1],"index":0,"customData":{"$looping":true,"$topCollideOnly":true,"$twoWays":false,"Platform":true}}],"name":"platform1"},{"keyframes":[{"index":0,"duration":1}],"name":"platform2"},{"keyframes":[{"duration":1,"ref":"YellowPlatform","loc":[542.95,448],"tweened":false,"scale":[1.9385,1],"index":0,"customData":{"$topCollideOnly":true,"Platform":true}}],"name":"platform3"},{"keyframes":[{"duration":1,"ref":"YellowPlatform","loc":[362.95,354.05],"tweened":false,"scale":[1.9385,1],"index":0,"customData":{"$topCollideOnly":true,"Platform":true}}],"name":"platform4"},{"keyframes":[{"duration":1,"ref":"YellowPlatform","loc":[542.95,255.05],"tweened":false,"scale":[1.9385,1],"index":0,"customData":{"$topCollideOnly":true,"Platform":true}}],"name":"platform5"},{"keyframes":[{"duration":1,"ref":"~Symbol 2","loc":[0,67.75],"tweened":false,"index":0,"customData":{"WallPlatform":true}}],"name":"platform6"},{"keyframes":[{"duration":1,"ref":"~Symbol 2","loc":[887.95,67.75],"tweened":false,"index":0,"customData":{"WallPlatform":true}}],"name":"platform_move"},{"keyframes":[{"duration":1,"ref":"Star","loc":[379.05,243.2],"tweened":false,"index":0,"customData":{"Coin":true}}],"name":"star1"},{"keyframes":[{"duration":1,"ref":"Star","loc":[665,163.35],"tweened":false,"index":0,"customData":{"Coin":true}}],"name":"star2"},{"keyframes":[{"duration":1,"ref":"Cock","loc":[369.4,446],"pivot":[11,12.5],"index":0,"customData":{"Character":true,"$friction":0,"$speed":2,"TouchInput":true,"$slideSpeed":0.75},"tweened":false}],"name":"cock"}],"id":"Scene"},{"layers":[{"keyframes":[{"duration":1,"index":0,"ref":"StarGraph","tweened":false},{"duration":18,"index":1,"ref":"StarGraph"},{"duration":10,"ref":"StarGraph","skew":[0,3.1416],"scale":[0.4706,0.498],"index":19,"loc":[23,-60]},{"duration":1,"ref":"StarGraph","skew":[0,3.1416],"tweened":false,"scale":[0.065,0.498],"alpha":0,"index":29,"loc":[13,-77]},{"visible":false,"duration":1,"ref":"StarGraph","skew":[0,3.1416],"tweened":false,"scale":[0.065,0.498],"index":30,"loc":[13,-77]}],"name":"s"}],"id":"Star"},{"layers":[{"keyframes":[{"duration":1,"index":0,"ref":"YellowGraph","tweened":false}],"name":"Layer 1"}],"id":"YellowPlatform"},{"layers":[{"keyframes":[{"duration":2,"ref":"Idle_Graph_1","loc":[11,13.5],"pivot":[11,13.5],"index":0,"tweened":false},{"duration":2,"ref":"Idle_Graph_2","loc":[10.5,13.5],"pivot":[10.5,13.5],"index":2,"tweened":false},{"duration":2,"ref":"Idle_Graph_3","loc":[10.5,13.5],"pivot":[10.5,13.5],"index":4,"tweened":false},{"duration":2,"ref":"Idle_Graph_4","loc":[10.5,13.5],"pivot":[10.5,13.5],"index":6,"tweened":false},{"duration":2,"ref":"Idle_Graph_5","loc":[10.95,13.5],"pivot":[10.95,13.5],"index":8,"tweened":false},{"duration":2,"ref":"Idle_Graph_6","loc":[11.5,13.5],"pivot":[11.5,13.5],"index":10,"tweened":false},{"duration":2,"ref":"Idle_Graph_7","loc":[11,13.5],"pivot":[11,13.5],"index":12,"tweened":false},{"duration":2,"ref":"Idle_Graph_8","loc":[11,13.5],"pivot":[11,13.5],"index":14,"tweened":false},{"duration":2,"ref":"Idle_Graph_9","loc":[10.5,13.5],"pivot":[10.5,13.5],"index":16,"tweened":false}],"name":"Layer 1"}],"id":"~Idle_Anim"},{"layers":[{"keyframes":[{"tweened":false,"duration":1,"index":0,"ref":"Symbol3","pivot":[0.5,0.5]}],"name":"Layer 1"}],"id":"~Symbol 2"},{"layers":[{"keyframes":[{"duration":2,"ref":"Walk_Graph_1","loc":[10.5,13],"pivot":[10.5,13],"index":0,"tweened":false},{"duration":2,"ref":"Walk_Graph_2","loc":[10.5,13],"pivot":[10.5,13],"index":2,"tweened":false},{"duration":2,"ref":"Walk_Graph_3","loc":[10.5,13],"pivot":[10.5,13],"index":4,"tweened":false},{"duration":2,"ref":"Walk_Graph_4","loc":[10.5,13],"pivot":[10.5,13],"index":6,"tweened":false},{"duration":2,"ref":"Walk_Graph_5","loc":[10.5,13],"pivot":[10.5,13],"index":8,"tweened":false},{"duration":2,"ref":"Walk_Graph_6","loc":[10.5,13],"pivot":[10.5,13],"index":10,"tweened":false},{"duration":2,"ref":"Walk_Graph_7","loc":[10.5,13],"pivot":[10.5,13],"index":12,"tweened":false},{"duration":2,"ref":"Walk_Graph_8","loc":[11,13],"pivot":[11,13],"index":14,"tweened":false},{"duration":2,"ref":"Walk_Graph_9","loc":[11,13],"pivot":[11,13],"index":16,"tweened":false},{"duration":2,"ref":"Walk_Graph_10","loc":[11,13],"pivot":[11,13],"index":18,"tweened":false},{"duration":2,"ref":"Walk_Graph_11","loc":[11,13],"pivot":[11,13],"index":20,"tweened":false},{"duration":2,"ref":"Walk_Graph_12","loc":[10.5,13],"pivot":[10.5,13],"index":22,"tweened":false}],"name":"Layer 1"}],"id":"~Walk_Anim"}]}