{"frameRate":60,"movies":[{"id":"AnimRobot","layers":[{"name":"playerStaticPlaceholder","keyframes":[{"tweened":false,"duration":8,"label":"idle","ref":"playerStaticPlaceholder","pivot":[82.5,91.5],"index":0},{"tweened":false,"duration":8,"label":"walk","ref":"playerStaticPlaceholder","pivot":[82.5,91.5],"index":8}]}]},{"id":"Scene","layers":[{"name":"platform01_Sec01","keyframes":[{"customData":{"$topCollideOnly":true,"Platform":true},"duration":1,"loc":[0,1058],"tweened":false,"index":0,"ref":"p1wrapper"}]},{"name":"platform02_Sec01","keyframes":[{"customData":{"$topCollideOnly":true,"Platform":true},"duration":1,"loc":[1380,1058],"tweened":false,"index":0,"ref":"p2wrapper"}]},{"name":"platform03_Sec01","keyframes":[{"customData":{"$topCollideOnly":true,"Platform":true},"duration":1,"loc":[2622,874],"tweened":false,"index":0,"ref":"p3wrapper"}]},{"name":"platform04_Sec01","keyframes":[{"customData":{"$topCollideOnly":true,"Platform":true},"duration":1,"loc":[4278,690],"tweened":false,"index":0,"ref":"p4wrapper"}]},{"name":"cock","keyframes":[{"customData":{"$speed":7,"$friction":0.75,"$slideSpeed":0.75,"$jumpHeight":18,"Character":true,"TouchInput":true},"duration":1,"loc":[240.05,488.1],"tweened":false,"index":0,"ref":"AnimRobot"}]}]},{"id":"p1wrapper","layers":[{"name":"Layer 1","keyframes":[{"tweened":false,"duration":1,"index":0,"ref":"platform01_Sec01"}]}]},{"id":"p2wrapper","layers":[{"name":"Layer 1","keyframes":[{"tweened":false,"duration":1,"index":0,"ref":"platform02_Sec01"}]}]},{"id":"p3wrapper","layers":[{"name":"Layer 1","keyframes":[{"tweened":false,"duration":1,"index":0,"ref":"platform03_Sec01"}]}]},{"id":"p4wrapper","layers":[{"name":"Layer 1","keyframes":[{"tweened":false,"duration":1,"index":0,"ref":"platform04_Sec01"}]}]}],"textureGroups":[{"atlases":[{"file":"atlas0.atf","textures":[{"symbol":"platform03_Sec01","origin":[0,0],"rect":[1,1,828,368]},{"symbol":"platform04_Sec01","origin":[0,0],"rect":[1,371,414,552]},{"symbol":"playerStaticPlaceholder","origin":[82.5,91.5],"rect":[831,1,165,183]}]},{"file":"atlas1.atf","textures":[{"symbol":"platform01_Sec01","origin":[0,0],"rect":[1,1,828,184]},{"symbol":"platform02_Sec01","origin":[0,0],"rect":[1,187,828,184]}]}],"scaleFactor":1}],"md5":"a6eb3edc818437be554ffe87f8a838d1"}
