{"md5":"c90bf7660086c5b4da5c9c46b275d169","frameRate":60,"textureGroups":[{"scaleFactor":1,"atlases":[{"textures":[{"symbol":"platform01b_Sec02","origin":[0,0],"rect":[1,1,1656,1288]},{"symbol":"platform01_Sec02","origin":[0,0],"rect":[1,1291,1242,552]},{"symbol":"platform04_Sec01","origin":[0,0],"rect":[1245,1291,414,552]},{"symbol":"platform02_Sec01","origin":[0,0],"rect":[1,1845,828,184]},{"symbol":"platform01_Sec01","origin":[0,0],"rect":[832,1845,828,184]},{"symbol":"sptBG02","origin":[0,0],"rect":[1659,1,337,221]},{"symbol":"sptBG01","origin":[0,0],"rect":[1659,224,299,218]},{"symbol":"playerStaticPlaceholder","origin":[82.5,91.5],"rect":[1659,444,165,183]}],"file":"atlas0.png"},{"textures":[{"symbol":"platform01a_Sec02","origin":[0,0],"rect":[1,1,828,920]},{"symbol":"platform01c_Sec02","origin":[0,0],"rect":[832,1,828,920]},{"symbol":"platform02_Sec02","origin":[0,0],"rect":[1,923,828,368]},{"symbol":"platform03_Sec01","origin":[0,0],"rect":[832,923,828,368]},{"symbol":"platform03_Sec02","origin":[0,0],"rect":[1,1293,414,552]}],"file":"atlas1.png"}]}],"movies":[{"layers":[{"keyframes":[{"duration":8,"ref":"playerStaticPlaceholder","label":"idle","tweened":false,"index":0,"pivot":[82.5,91.5]},{"duration":8,"ref":"playerStaticPlaceholder","label":"walk","tweened":false,"index":8,"pivot":[82.5,91.5]}],"name":"playerStaticPlaceholder"}],"id":"AnimRobot"},{"layers":[{"keyframes":[{"tweened":false,"duration":1,"index":0,"ref":"sector01","loc":[0,52.7]}],"name":"sector01"},{"keyframes":[{"tweened":false,"duration":1,"index":0,"ref":"sector02","loc":[5118.1,43.45]}],"name":"sector02"},{"keyframes":[{"duration":1,"ref":"sector01","loc":[11666.85,954.7],"pivot":[2346,902],"index":0,"tweened":false}],"name":"sector03"},{"keyframes":[{"tweened":false,"duration":1,"index":0,"ref":"sector01","loc":[14529.1,52.7]}],"name":"sector04"},{"keyframes":[{"duration":1,"ref":"sector01","skew":[0,3.1416],"tweened":false,"index":0,"loc":[39018.5,52.7]}],"name":"sector05"},{"keyframes":[{"duration":1,"ref":"sector02","skew":[0,3.1416],"pivot":[2829,1863],"tweened":false,"index":0,"loc":[31071.4,1906.45]}],"name":"sector06"},{"keyframes":[{"duration":1,"ref":"sector01","skew":[0,3.1416],"tweened":false,"index":0,"loc":[29697.65,52.7]}],"name":"sector07"},{"keyframes":[{"duration":1,"ref":"sector01","skew":[0,3.1416],"tweened":false,"index":0,"loc":[24489.4,52.7]}],"name":"sector08"},{"keyframes":[{"duration":1,"ref":"AnimRobot","loc":[180,942],"tweened":false,"index":0,"customData":{"TouchInput":true,"Character":true,"$slideSpeed":0.75,"$friction":0.75,"$speed":12,"$jumpHeight":18}}],"name":"player"}],"id":"Scene"},{"layers":[{"keyframes":[{"duration":1,"ref":"~wrapperPlatform01_Sec01","loc":[0,994],"tweened":false,"scale":[0.9637,1],"index":0,"customData":{"$topCollideOnly":true,"Platform":true}}],"name":"platform01_Sec01"},{"keyframes":[{"duration":1,"ref":"~wrapperPlatform02_Sec01","loc":[1351.85,994],"tweened":false,"scale":[1.0606,1],"index":0,"customData":{"$topCollideOnly":true,"Platform":true}}],"name":"platform02_Sec01"},{"keyframes":[{"duration":1,"ref":"~wrapperPlatform03_Sec01","loc":[2622,810],"tweened":false,"index":0,"customData":{"$topCollideOnly":true,"Platform":true}}],"name":"platform03_Sec01"},{"keyframes":[{"duration":1,"ref":"~wrapperPlatform04_Sec01","loc":[4278,626],"tweened":false,"index":0,"customData":{"$topCollideOnly":true,"Platform":true}}],"name":"platform04_Sec01"}],"id":"sector01"},{"layers":[{"keyframes":[{"duration":1,"ref":"~wrapperPlatform01a_Sec02","loc":[690,427.5],"tweened":false,"scale":[1,0.8258],"index":0,"customData":{"$topCollideOnly":true,"Platform":true}}],"name":"platform01a_Sec02"},{"keyframes":[{"duration":1,"ref":"~wrapperPlatform01b_Sec02","loc":[1932,179.5],"tweened":false,"scale":[1,0.7824],"index":0,"customData":{"$topCollideOnly":true,"Platform":true}}],"name":"platform01b_Sec02"},{"keyframes":[{"duration":1,"ref":"~warpperplatform01c_Sec02","loc":[6485.65,603.55],"tweened":false,"scale":[1.4065,0.6345],"index":0,"customData":{"$topCollideOnly":true,"Platform":true}}],"name":"warpperplatform01c_Sec02"},{"keyframes":[{"duration":1,"ref":"~warpperplatform01c_Sec02","loc":[5195.75,299.05],"tweened":false,"scale":[1,0.9654],"index":0,"customData":{"$topCollideOnly":true,"Platform":true}}],"name":"warpperplatform01c_Sec02"},{"keyframes":[{"duration":1,"ref":"~warpperplatform01c_Sec02","loc":[4002,-85.3],"tweened":false,"scale":[1,1.3832],"index":0,"customData":{"$topCollideOnly":true,"Platform":true}}],"name":"platform01c_Sec02"},{"keyframes":[{"duration":1,"ref":"~wrapperPlatform02_Sec02","loc":[414,819.25],"tweened":false,"scale":[1.1451,1],"index":0,"customData":{"$topCollideOnly":true,"Platform":true}}],"name":"wrapperPlatform02_Sec02"},{"keyframes":[{"duration":1,"ref":"~wrapperPlatform02_Sec02","loc":[2070,819.25],"tweened":false,"scale":[0.9929,1],"index":0,"customData":{"$topCollideOnly":true,"Platform":true}}],"name":"platform02_Sec02"},{"keyframes":[{"duration":1,"ref":"~wrapperPlatform03_Sec02","loc":[-5.9,635.25],"tweened":false,"index":0,"customData":{"$topCollideOnly":true,"Platform":true}}],"name":"wrapperPlatform03_Sec02"},{"keyframes":[{"duration":1,"ref":"~wrapperPlatform03_Sec02","loc":[3312,635.25],"tweened":false,"index":0,"customData":{"$topCollideOnly":true,"Platform":true}}],"name":"platform03_Sec02"}],"id":"sector02"},{"layers":[{"keyframes":[{"duration":1,"ref":"platform01c_Sec02","loc":[414,460],"pivot":[414,460],"index":0,"tweened":false}],"name":"Layer 1"}],"id":"~warpperplatform01c_Sec02"},{"layers":[{"keyframes":[{"duration":1,"ref":"platform01_Sec01","loc":[414,92],"pivot":[414,92],"index":0,"tweened":false}],"name":"Layer 1"}],"id":"~wrapperPlatform01_Sec01"},{"layers":[{"keyframes":[{"duration":1,"ref":"platform01a_Sec02","loc":[414,460],"pivot":[414,460],"index":0,"tweened":false}],"name":"Layer 1"}],"id":"~wrapperPlatform01a_Sec02"},{"layers":[{"keyframes":[{"duration":1,"ref":"platform01b_Sec02","loc":[828,644],"pivot":[828,644],"index":0,"tweened":false}],"name":"Layer 1"}],"id":"~wrapperPlatform01b_Sec02"},{"layers":[{"keyframes":[{"duration":1,"ref":"platform02_Sec01","loc":[414,92],"pivot":[414,92],"index":0,"tweened":false}],"name":"Layer 1"}],"id":"~wrapperPlatform02_Sec01"},{"layers":[{"keyframes":[{"duration":1,"ref":"platform02_Sec02","loc":[414,184],"pivot":[414,184],"index":0,"tweened":false}],"name":"Layer 1"}],"id":"~wrapperPlatform02_Sec02"},{"layers":[{"keyframes":[{"duration":1,"ref":"platform03_Sec01","loc":[414,184],"pivot":[414,184],"index":0,"tweened":false}],"name":"Layer 1"}],"id":"~wrapperPlatform03_Sec01"},{"layers":[{"keyframes":[{"duration":1,"ref":"platform03_Sec02","loc":[207,276],"pivot":[207,276],"index":0,"tweened":false}],"name":"Layer 1"}],"id":"~wrapperPlatform03_Sec02"},{"layers":[{"keyframes":[{"duration":1,"ref":"platform04_Sec01","loc":[207,276],"pivot":[207,276],"index":0,"tweened":false}],"name":"Layer 1"}],"id":"~wrapperPlatform04_Sec01"}]}