{"frameRate":56,"movies":[{"layers":[{"keyframes":[{"duration":9,"tweened":false,"index":0,"ref":"wrapperPlayerWalk","loc":[-3.4,-21.25]},{"duration":9,"tweened":false,"index":9,"ref":"wrapperPlayerWalk","loc":[-3.4,-21.25]},{"duration":1,"tweened":false,"index":18,"ref":"wrapperPlayerWalk","loc":[-3.4,-21.25]}],"name":"wrapperPlayerWalker"},{"keyframes":[{"duration":9,"index":0,"label":"idle"},{"duration":9,"index":9,"label":"walk"},{"duration":1,"index":18,"label":"jump"}],"name":"states"}],"id":"AnimRobot"},{"layers":[{"keyframes":[{"duration":1,"tweened":false,"index":0,"ref":"sector01","loc":[0,64.7]}],"name":"sector01"},{"keyframes":[{"duration":1,"tweened":false,"index":0,"ref":"sector02","loc":[5118.1,55.45]}],"name":"sector02"},{"keyframes":[{"ref":"sector01","loc":[11666.85,966.7],"tweened":false,"duration":1,"index":0,"pivot":[2346,902]}],"name":"sector03"},{"keyframes":[{"duration":1,"tweened":false,"index":0,"ref":"sector01","loc":[14529.1,64.7]}],"name":"sector04"},{"keyframes":[{"ref":"sector01","loc":[39018.5,64.7],"tweened":false,"duration":1,"skew":[0,3.1416],"index":0}],"name":"sector05"},{"keyframes":[{"ref":"sector02","loc":[31071.4,1918.45],"pivot":[2829,1863],"duration":1,"skew":[0,3.1416],"index":0,"tweened":false}],"name":"sector06"},{"keyframes":[{"ref":"sector01","loc":[29697.65,64.7],"tweened":false,"duration":1,"skew":[0,3.1416],"index":0}],"name":"sector07"},{"keyframes":[{"ref":"sector01","loc":[24489.4,64.7],"tweened":false,"duration":1,"skew":[0,3.1416],"index":0}],"name":"sector08"},{"keyframes":[{"scale":[0.4,0.4],"ref":"AnimRobot","loc":[134.05,888.5],"tweened":false,"duration":1,"index":0,"customData":{"Character":true,"$speed":12,"TouchInput":true,"$jumpHeight":18,"$slideSpeed":0.75,"$friction":0.75}}],"name":"player"}],"id":"Scene"},{"layers":[{"keyframes":[{"scale":[0.9637,1],"ref":"~wrapperPlatform01_Sec01","loc":[0,994],"tweened":false,"duration":1,"index":0,"customData":{"$topCollideOnly":true,"Platform":true}}],"name":"platform01_Sec01"},{"keyframes":[{"scale":[1.0606,1],"ref":"~wrapperPlatform02_Sec01","loc":[1351.85,994],"tweened":false,"duration":1,"index":0,"customData":{"$topCollideOnly":true,"Platform":true}}],"name":"platform02_Sec01"},{"keyframes":[{"ref":"~wrapperPlatform03_Sec01","loc":[2622,810],"tweened":false,"duration":1,"index":0,"customData":{"$topCollideOnly":true,"Platform":true}}],"name":"platform03_Sec01"},{"keyframes":[{"ref":"~wrapperPlatform04_Sec01","loc":[4278,626],"tweened":false,"duration":1,"index":0,"customData":{"$topCollideOnly":true,"Platform":true}}],"name":"platform04_Sec01"}],"id":"sector01"},{"layers":[{"keyframes":[{"scale":[1,0.8258],"ref":"~wrapperPlatform01a_Sec02","loc":[690,427.5],"tweened":false,"duration":1,"index":0,"customData":{"$topCollideOnly":true,"Platform":true}}],"name":"platform01a_Sec02"},{"keyframes":[{"scale":[1,0.7824],"ref":"~wrapperPlatform01b_Sec02","loc":[1932,179.5],"tweened":false,"duration":1,"index":0,"customData":{"$topCollideOnly":true,"Platform":true}}],"name":"platform01b_Sec02"},{"keyframes":[{"scale":[1.4065,0.6345],"ref":"~warpperplatform01c_Sec02","loc":[6485.65,603.55],"tweened":false,"duration":1,"index":0,"customData":{"$topCollideOnly":true,"Platform":true}}],"name":"warpperplatform01c_Sec02"},{"keyframes":[{"scale":[1,0.9654],"ref":"~warpperplatform01c_Sec02","loc":[5195.75,299.05],"tweened":false,"duration":1,"index":0,"customData":{"$topCollideOnly":true,"Platform":true}}],"name":"warpperplatform01c_Sec02"},{"keyframes":[{"scale":[1,1.3832],"ref":"~warpperplatform01c_Sec02","loc":[4002,-85.3],"tweened":false,"duration":1,"index":0,"customData":{"$topCollideOnly":true,"Platform":true}}],"name":"platform01c_Sec02"},{"keyframes":[{"scale":[1.1451,1],"ref":"~wrapperPlatform02_Sec02","loc":[414,819.25],"tweened":false,"duration":1,"index":0,"customData":{"$topCollideOnly":true,"Platform":true}}],"name":"wrapperPlatform02_Sec02"},{"keyframes":[{"scale":[0.9929,1],"ref":"~wrapperPlatform02_Sec02","loc":[2070,819.25],"tweened":false,"duration":1,"index":0,"customData":{"$topCollideOnly":true,"Platform":true}}],"name":"platform02_Sec02"},{"keyframes":[{"ref":"~wrapperPlatform03_Sec02","loc":[-5.9,635.25],"tweened":false,"duration":1,"index":0,"customData":{"$topCollideOnly":true,"Platform":true}}],"name":"wrapperPlatform03_Sec02"},{"keyframes":[{"ref":"~wrapperPlatform03_Sec02","loc":[3312,635.25],"tweened":false,"duration":1,"index":0,"customData":{"$topCollideOnly":true,"Platform":true}}],"name":"platform03_Sec02"}],"id":"sector02"},{"layers":[{"keyframes":[{"duration":4,"pivot":[41,40.5],"index":0,"ref":"sptArmNode","loc":[-198.65,-97.65]},{"duration":4,"pivot":[41,40.5],"index":4,"ref":"sptArmNode","loc":[-176.6,-40.4]},{"duration":2,"pivot":[41,40.5],"index":8,"ref":"sptArmNode","loc":[-142.9,12.9]},{"duration":2,"pivot":[41,40.5],"index":10,"ref":"sptArmNode","loc":[-91.9,7.85]},{"duration":2,"pivot":[41,40.5],"index":12,"ref":"sptArmNode","loc":[-29.9,-23.25]},{"scale":[0.9993,0.9993],"ref":"sptArmNode","loc":[79.35,31.9],"pivot":[41,40.5],"duration":2,"skew":[-0.2231,-0.2231],"index":14},{"ref":"sptArmNode","loc":[183.95,57.15],"pivot":[41,40.5],"duration":3,"skew":[-0.4483,-0.4483],"index":16},{"scale":[0.9986,0.9986],"ref":"sptArmNode","loc":[93.1,104.1],"pivot":[41,40.5],"duration":5,"skew":[-0.3501,-0.3501],"index":19},{"scale":[0.9993,0.9993],"ref":"sptArmNode","loc":[40.55,62.75],"pivot":[41,40.5],"duration":4,"skew":[-0.2231,-0.2231],"index":24},{"duration":2,"pivot":[41,40.5],"index":28,"ref":"sptArmNode","loc":[-48.75,-30.7]},{"duration":2,"pivot":[41,40.5],"index":30,"ref":"sptArmNode","loc":[-147.7,-52.15]},{"duration":1,"pivot":[41,40.5],"index":32,"ref":"sptArmNode","loc":[-198.65,-97.65]}],"name":"ArmNodeL"},{"keyframes":[{"scale":[0.9985,0.9985],"ref":"sptHand","loc":[-298.95,1.25],"pivot":[63.5,64],"duration":4,"skew":[2.1223,2.1223],"index":0},{"scale":[0.9983,0.9983],"ref":"sptHand","loc":[-207.45,97.35],"pivot":[63.5,64],"duration":4,"skew":[1.2817,1.2817],"index":4},{"scale":[0.9998,0.9998],"ref":"sptHand","loc":[-119.25,148.8],"pivot":[63.5,64],"duration":2,"skew":[0.4363,0.4363],"index":8},{"scale":[0.9991,0.9991],"ref":"sptHand","loc":[-3.6,112.6],"pivot":[63.5,64],"duration":2,"skew":[-0.3507,-0.3507],"index":10},{"scale":[0.9998,0.9998],"ref":"sptHand","loc":[87.25,45.75],"pivot":[63.5,64],"duration":2,"skew":[0.018,0.018],"index":12},{"scale":[0.9987,0.9987],"ref":"sptHand","loc":[223.35,22.25],"pivot":[63.5,64],"duration":2,"skew":[-0.4116,-0.4116],"index":14},{"ref":"sptHand","loc":[303.45,-21.3],"pivot":[63.5,64],"duration":3,"skew":[-0.8456,-0.8456],"index":16},{"scale":[0.9985,0.9985],"ref":"sptHand","loc":[226.7,99.05],"pivot":[63.5,64],"duration":5,"skew":[-0.3709,-0.3709],"index":19},{"scale":[0.9987,0.9987],"ref":"sptHand","loc":[172.7,109.55],"pivot":[63.5,64],"duration":4,"skew":[-0.09,-0.09],"index":24},{"ref":"sptHand","loc":[2.9,96.6],"pivot":[63.5,64],"duration":2,"skew":[1.7717,1.7717],"index":28},{"scale":[0.9982,0.9982],"ref":"sptHand","loc":[-181.65,70.75],"pivot":[63.5,64],"duration":2,"skew":[1.9467,1.9467],"index":30},{"scale":[0.9985,0.9985],"ref":"sptHand","loc":[-298.95,1.25],"pivot":[63.5,64],"duration":1,"skew":[2.1223,2.1223],"index":32}],"name":"HandL"},{"keyframes":[{"scale":[0.9983,0.9983],"ref":"sptLowerArm","loc":[-254.75,-56.7],"pivot":[50.5,54.5],"duration":4,"skew":[0.7174,0.7174],"index":0},{"scale":[0.998,0.998],"ref":"sptLowerArm","loc":[-205.4,19.4],"pivot":[50.5,54.5],"duration":4,"skew":[0.2627,0.2627],"index":4},{"scale":[0.9994,0.9994],"ref":"sptLowerArm","loc":[-143.95,79.4],"pivot":[50.5,54.5],"duration":2,"skew":[-0.1884,-0.1884],"index":8},{"scale":[0.9973,0.9973],"ref":"sptLowerArm","loc":[-64.85,62.15],"pivot":[50.5,54.5],"duration":2,"skew":[-0.5867,-0.5867],"index":10},{"scale":[0.9982,0.9982],"ref":"sptLowerArm","loc":[15.55,16.25],"pivot":[50.5,54.5],"duration":2,"skew":[-0.9887,-0.9887],"index":12},{"scale":[0.9989,0.9989],"ref":"sptLowerArm","loc":[145.9,35.5],"pivot":[50.5,54.5],"duration":2,"skew":[-1.6104,-1.6104],"index":14},{"ref":"sptLowerArm","loc":[240.15,22.7],"pivot":[50.5,54.5],"duration":3,"skew":[-2.2346,-2.2346],"index":16},{"scale":[0.9987,0.9987],"ref":"sptLowerArm","loc":[150.7,102.3],"pivot":[50.5,54.5],"duration":5,"skew":[-1.6761,-1.6761],"index":19},{"scale":[0.9992,0.9992],"ref":"sptLowerArm","loc":[93.95,86.55],"pivot":[50.5,54.5],"duration":4,"skew":[-1.3131,-1.3131],"index":24},{"ref":"sptLowerArm","loc":[-28.3,25.55],"pivot":[50.5,54.5],"duration":2,"skew":[-0.3918,-0.3918],"index":28},{"scale":[0.9987,0.9987],"ref":"sptLowerArm","loc":[-157.5,2.4],"pivot":[50.5,54.5],"duration":2,"skew":[0.1619,0.1619],"index":30},{"scale":[0.9983,0.9983],"ref":"sptLowerArm","loc":[-254.75,-56.7],"pivot":[50.5,54.5],"duration":1,"skew":[0.7174,0.7174],"index":32}],"name":"LowerArmL"},{"keyframes":[{"scale":[0.9985,0.9985],"ref":"sptUpperArm","loc":[-124.5,-60.35],"pivot":[64.5,76.5],"duration":4,"skew":[2.1399,2.1399],"index":0},{"scale":[0.9973,0.9973],"ref":"sptUpperArm","loc":[-103.5,-44.55],"pivot":[64.5,76.5],"duration":4,"skew":[1.5485,1.5485],"index":4},{"scale":[0.9963,0.9963],"ref":"sptUpperArm","loc":[-82.65,-28.6],"pivot":[64.5,76.5],"duration":2,"skew":[0.9543,0.9543],"index":8},{"scale":[0.9953,0.9953],"ref":"sptUpperArm","loc":[-51.95,-64.2],"pivot":[64.5,76.5],"duration":2,"skew":[0.5999,0.5999],"index":10},{"scale":[0.9973,0.9973],"ref":"sptUpperArm","loc":[-21.2,-99.85],"pivot":[64.5,76.5],"duration":2,"skew":[0.2498,0.2498],"index":12},{"scale":[0.9976,0.9976],"ref":"sptUpperArm","loc":[45.85,-46.25],"pivot":[64.5,76.5],"duration":2,"skew":[-0.3235,-0.3235],"index":14},{"ref":"sptUpperArm","loc":[112.7,7.4],"pivot":[64.5,76.5],"duration":3,"skew":[-0.8978,-0.8978],"index":16},{"scale":[0.9982,0.9982],"ref":"sptUpperArm","loc":[44.7,34.85],"pivot":[64.5,76.5],"duration":5,"skew":[-0.5861,-0.5861],"index":19},{"scale":[0.9994,0.9994],"ref":"sptUpperArm","loc":[19.25,-12.6],"pivot":[64.5,76.5],"duration":4,"skew":[-0.1708,-0.1708],"index":24},{"ref":"sptUpperArm","loc":[-14.25,-98.1],"pivot":[64.5,76.5],"duration":2,"skew":[0.5533,0.5533],"index":28},{"scale":[0.9985,0.9985],"ref":"sptUpperArm","loc":[-69.3,-79.25],"pivot":[64.5,76.5],"duration":2,"skew":[1.3477,1.3477],"index":30},{"scale":[0.9985,0.9985],"ref":"sptUpperArm","loc":[-124.5,-60.35],"pivot":[64.5,76.5],"duration":1,"skew":[2.1399,2.1399],"index":32}],"name":"UpperArmL"},{"keyframes":[{"scale":[0.9988,0.9988],"ref":"sptFoot","loc":[147.45,319.55],"pivot":[100.5,67.5],"duration":2,"skew":[-0.4071,-0.4071],"index":0},{"scale":[0.9993,0.9993],"ref":"sptFoot","loc":[123.7,337.15],"pivot":[100.5,67.5],"duration":2,"index":2},{"duration":4,"pivot":[100.5,67.5],"index":4,"ref":"sptFoot","loc":[102.55,337.25]},{"duration":2,"pivot":[100.5,67.5],"index":8,"ref":"sptFoot","loc":[75.15,337.4]},{"duration":2,"pivot":[100.5,67.5],"index":10,"ref":"sptFoot","loc":[-22.55,336.3]},{"ref":"sptFoot","loc":[-43.2,275.5],"pivot":[100.5,67.5],"duration":4,"skew":[0.8285,0.8285],"index":12},{"scale":[0.9994,0.9994],"ref":"sptFoot","loc":[-292.4,180.3],"pivot":[100.5,67.5],"duration":8,"skew":[2.0166,2.0166],"index":16},{"scale":[0.9977,0.9977],"ref":"sptFoot","loc":[-146.5,285.85],"pivot":[100.5,67.5],"duration":4,"skew":[0.8099,0.8099],"index":24},{"duration":4,"pivot":[100.5,67.5],"index":28,"ref":"sptFoot","loc":[-7.2,233.4]},{"scale":[0.9988,0.9988],"ref":"sptFoot","loc":[147.45,319.55],"pivot":[100.5,67.5],"duration":1,"skew":[-0.4071,-0.4071],"index":32}],"name":"FootL"},{"keyframes":[{"duration":4,"pivot":[51.5,53.5],"index":0,"ref":"sptLegNode","loc":[56.55,206.4]},{"duration":4,"pivot":[53.5,53],"index":4,"ref":"sptLegNode","loc":[55.55,205.9]},{"duration":2,"pivot":[51.5,53.5],"index":8,"ref":"sptLegNode","loc":[50.55,206.4]},{"scale":[0.9995,0.9995],"ref":"sptLegNode","loc":[-24.3944,213.8761],"pivot":[51.55,53.45],"duration":2,"skew":[0.6241,0.6241],"index":10},{"ref":"sptLegNode","loc":[-13.8639,153.5047],"pivot":[53.45,53.5],"duration":4,"skew":[0.3401,0.3401],"index":12},{"ref":"sptLegNode","loc":[-142.5242,186.0461],"pivot":[51.5,53.55],"duration":8,"skew":[0.2703,0.2703],"index":16},{"duration":4,"pivot":[51.5,53.5],"index":24,"ref":"sptLegNode","loc":[-80.85,174.6]},{"duration":4,"pivot":[53.5,53],"index":28,"ref":"sptLegNode","loc":[-28.9,111.9]},{"duration":1,"pivot":[51.5,53.5],"index":32,"ref":"sptLegNode","loc":[56.55,206.4]}],"name":"LegNodeL"},{"keyframes":[{"scale":[0.9997,0.9997],"ref":"sptLowerLeg","loc":[80.9,252.3],"pivot":[57.5,39.5],"duration":4,"skew":[-0.3919,-0.3919],"index":0},{"scale":[0.9992,0.9992],"ref":"sptLowerLeg","loc":[66.45,262.3],"pivot":[57.5,39.5],"duration":4,"skew":[0.0084,0.0084],"index":4},{"scale":[0.9997,0.9997],"ref":"sptLowerLeg","loc":[60,252.3],"pivot":[57.5,39.5],"duration":2,"skew":[-0.1222,-0.1222],"index":8},{"scale":[0.9992,0.9992],"ref":"sptLowerLeg","loc":[-28.65,256.7],"pivot":[57.5,39.5],"duration":2,"skew":[0.1229,0.1229],"index":10},{"scale":[0.9997,0.9997],"ref":"sptLowerLeg","loc":[-29.95,188.5],"pivot":[57.5,39.5],"duration":4,"skew":[0.437,0.437],"index":12},{"scale":[0.9994,0.9994],"ref":"sptLowerLeg","loc":[-196.75,180.25],"pivot":[57.5,39.5],"duration":8,"skew":[1.762,1.762],"index":16},{"scale":[0.9983,0.9983],"ref":"sptLowerLeg","loc":[-104.15,207.55],"pivot":[57.5,39.5],"duration":4,"skew":[0.6615,0.6615],"index":24},{"ref":"sptLowerLeg","loc":[-34.8,149.95],"pivot":[57.5,39.5],"duration":4,"skew":[0.1003,0.1003],"index":28},{"scale":[0.9997,0.9997],"ref":"sptLowerLeg","loc":[80.9,252.3],"pivot":[57.5,39.5],"duration":1,"skew":[-0.3919,-0.3919],"index":32}],"name":"LowerLegL"},{"keyframes":[{"scale":[0.9996,0.9996],"ref":"sptUpperLeg","loc":[23.6312,165.0389],"pivot":[57.5,38.5],"duration":4,"skew":[-0.7206,-0.7206],"index":0},{"scale":[0.997,0.997],"ref":"sptUpperLeg","loc":[33.7,183],"pivot":[63.5,55.5],"duration":4,"skew":[-1.0855,-1.0855],"index":4},{"scale":[0.9995,0.9995],"ref":"sptUpperLeg","loc":[35.674,163.0556],"pivot":[57.55,38.6],"duration":2,"skew":[-0.4244,-0.4244],"index":8},{"scale":[0.9992,0.9992],"ref":"sptUpperLeg","loc":[-3.3878,165.113],"pivot":[57.6,38.65],"duration":2,"skew":[0.3515,0.3515],"index":10},{"scale":[0.9996,0.9996],"ref":"sptUpperLeg","loc":[-7.2148,121.0835],"pivot":[57.5,38.55],"duration":4,"skew":[0.2083,0.2083],"index":12},{"scale":[0.9983,0.9983],"ref":"sptUpperLeg","loc":[-104.1215,153.5881],"pivot":[57.55,38.5],"duration":8,"skew":[0.7293,0.7293],"index":16},{"scale":[0.9991,0.9991],"ref":"sptUpperLeg","loc":[-63.2625,131.5313],"pivot":[57.5,38.45],"duration":4,"skew":[0.2712,0.2712],"index":24},{"scale":[0.9986,0.9986],"ref":"sptUpperLeg","loc":[-37.2,80.8],"pivot":[63.5,55.5],"duration":4,"skew":[-0.5343,-0.5343],"index":28},{"scale":[0.9996,0.9996],"ref":"sptUpperLeg","loc":[23.6312,165.0389],"pivot":[57.5,38.5],"duration":1,"skew":[-0.7206,-0.7206],"index":32}],"name":"UpperLegL"},{"keyframes":[{"ref":"sptHead","loc":[38.1,-152.15],"pivot":[204.5,204],"duration":3,"skew":[0.1174,0.1174],"index":0},{"scale":[0.9996,0.9996],"ref":"sptHead","loc":[79.55,-65.45],"pivot":[204.5,204],"duration":9,"skew":[0.1189,0.1189],"index":3},{"ref":"sptHead","loc":[66.1,-222.15],"pivot":[204.5,204],"duration":4,"skew":[0.1174,0.1174],"index":12},{"ref":"sptHead","loc":[26.1,-152.15],"pivot":[204.5,204],"duration":3,"skew":[0.1174,0.1174],"index":16},{"scale":[0.9996,0.9996],"ref":"sptHead","loc":[79.55,-65.45],"pivot":[204.5,204],"duration":9,"skew":[0.1189,0.1189],"index":19},{"ref":"sptHead","loc":[66.1,-222.15],"pivot":[204.5,204],"duration":4,"skew":[0.1174,0.1174],"index":28},{"ref":"sptHead","loc":[38.1,-152.15],"pivot":[204.5,204],"duration":1,"skew":[0.1174,0.1174],"index":32}],"name":"Head"},{"keyframes":[{"ref":"sptBody","loc":[-41.45,76.5],"pivot":[214.5,156.5],"duration":3,"skew":[0.347,0.347],"index":0},{"scale":[0.9986,0.9986],"ref":"sptBody","loc":[-49.1,104.25],"pivot":[214.5,156.5],"duration":9,"skew":[0.6722,0.6722],"index":3},{"ref":"sptBody","loc":[-11.45,8.5],"pivot":[214.5,156.5],"duration":4,"skew":[0.347,0.347],"index":12},{"ref":"sptBody","loc":[-41.45,76.5],"pivot":[214.5,156.5],"duration":3,"skew":[0.347,0.347],"index":16},{"scale":[0.9986,0.9986],"ref":"sptBody","loc":[-49.1,104.25],"pivot":[214.5,156.5],"duration":9,"skew":[0.6722,0.6722],"index":19},{"ref":"sptBody","loc":[-11.45,8.5],"pivot":[214.5,156.5],"duration":4,"skew":[0.347,0.347],"index":28},{"ref":"sptBody","loc":[-41.45,76.5],"pivot":[214.5,156.5],"duration":1,"skew":[0.347,0.347],"index":32}],"name":"Body"},{"keyframes":[{"ref":"sptFoot","loc":[-280.45,175.6],"pivot":[100.5,67.5],"duration":8,"skew":[1.9269,1.9269],"index":0},{"ref":"sptFoot","loc":[-145.65,285.55],"pivot":[100.5,67.5],"duration":4,"skew":[0.8112,0.8112],"index":8},{"duration":4,"pivot":[100.5,67.5],"index":12,"ref":"sptFoot","loc":[-7.2,233.4]},{"ref":"sptFoot","loc":[140.15,320],"pivot":[100.5,67.5],"duration":2,"skew":[-0.4092,-0.4092],"index":16},{"duration":2,"pivot":[100.5,67.5],"index":18,"ref":"sptFoot","loc":[123.7,337.15]},{"duration":4,"pivot":[100.5,67.5],"index":20,"ref":"sptFoot","loc":[102.55,337.25]},{"duration":2,"pivot":[100.5,67.5],"index":24,"ref":"sptFoot","loc":[75.15,337.4]},{"duration":2,"pivot":[100.5,67.5],"index":26,"ref":"sptFoot","loc":[-22.55,336.3]},{"ref":"sptFoot","loc":[-43.2,275.5],"pivot":[100.5,67.5],"duration":4,"skew":[0.8285,0.8285],"index":28},{"ref":"sptFoot","loc":[-280.45,175.6],"pivot":[100.5,67.5],"duration":1,"skew":[1.9269,1.9269],"index":32}],"name":"FootR"},{"keyframes":[{"ref":"sptLegNode","loc":[-128.65,167.35],"pivot":[53.5,53],"duration":8,"skew":[0.1782,0.1782],"index":0},{"ref":"sptLegNode","loc":[-76.65,167.9],"pivot":[53.5,53],"duration":4,"skew":[-0.2266,-0.2266],"index":8},{"duration":4,"pivot":[53.5,53],"index":12,"ref":"sptLegNode","loc":[-28.9,111.9]},{"duration":4,"pivot":[53.5,53],"index":16,"ref":"sptLegNode","loc":[58.55,205.9]},{"duration":4,"pivot":[53.5,53],"index":20,"ref":"sptLegNode","loc":[55.55,205.9]},{"duration":2,"pivot":[53.5,53],"index":24,"ref":"sptLegNode","loc":[52.55,205.9]},{"scale":[0.9995,0.9995],"ref":"sptLegNode","loc":[-24.3944,213.8761],"pivot":[51.55,53.45],"duration":2,"skew":[0.6241,0.6241],"index":26},{"ref":"sptLegNode","loc":[-13.8639,153.5047],"pivot":[53.45,53.5],"duration":4,"skew":[0.3401,0.3401],"index":28},{"ref":"sptLegNode","loc":[-128.65,167.35],"pivot":[53.5,53],"duration":1,"skew":[0.1782,0.1782],"index":32}],"name":"LegNodeR"},{"keyframes":[{"ref":"sptLowerLeg","loc":[-185.25,166.8],"pivot":[57.5,39.5],"duration":8,"skew":[1.6694,1.6694],"index":0},{"ref":"sptLowerLeg","loc":[-110.65,212.6],"pivot":[57.5,39.5],"duration":4,"skew":[0.7249,0.7249],"index":8},{"ref":"sptLowerLeg","loc":[-34.8,149.95],"pivot":[57.5,39.5],"duration":4,"skew":[0.1003,0.1003],"index":12},{"ref":"sptLowerLeg","loc":[80.9,252.3],"pivot":[57.5,39.5],"duration":4,"skew":[-0.3927,-0.3927],"index":16},{"scale":[0.9992,0.9992],"ref":"sptLowerLeg","loc":[66.45,262.3],"pivot":[57.5,39.5],"duration":4,"skew":[0.0084,0.0084],"index":20},{"ref":"sptLowerLeg","loc":[60,252.3],"pivot":[57.5,39.5],"duration":2,"skew":[-0.1222,-0.1222],"index":24},{"scale":[0.9992,0.9992],"ref":"sptLowerLeg","loc":[-28.65,256.7],"pivot":[57.5,39.5],"duration":2,"skew":[0.1229,0.1229],"index":26},{"scale":[0.9997,0.9997],"ref":"sptLowerLeg","loc":[-29.95,188.5],"pivot":[57.5,39.5],"duration":4,"skew":[0.437,0.437],"index":28},{"ref":"sptLowerLeg","loc":[-185.25,166.8],"pivot":[57.5,39.5],"duration":1,"skew":[1.6694,1.6694],"index":32}],"name":"LowerLegR"},{"keyframes":[{"ref":"sptUpperLeg","loc":[-105,161.1],"pivot":[63.5,55.5],"duration":8,"skew":[0.8495,0.8495],"index":0},{"scale":[0.9999,0.9999],"ref":"sptUpperLeg","loc":[-82.75,138.15],"pivot":[63.5,55.5],"duration":4,"skew":[-0.5367,-0.5367],"index":8},{"scale":[0.9986,0.9986],"ref":"sptUpperLeg","loc":[-37.2,80.8],"pivot":[63.5,55.5],"duration":4,"skew":[-0.5343,-0.5343],"index":12},{"scale":[0.9983,0.9983],"ref":"sptUpperLeg","loc":[39.35,173.85],"pivot":[63.5,55.5],"duration":4,"skew":[-0.7216,-0.7216],"index":16},{"scale":[0.997,0.997],"ref":"sptUpperLeg","loc":[33.7,183],"pivot":[63.5,55.5],"duration":4,"skew":[-1.0855,-1.0855],"index":20},{"scale":[0.9988,0.9988],"ref":"sptUpperLeg","loc":[52.05,176],"pivot":[63.5,55.5],"duration":2,"skew":[-0.424,-0.424],"index":24},{"scale":[0.9992,0.9992],"ref":"sptUpperLeg","loc":[-3.3878,165.113],"pivot":[57.6,38.65],"duration":2,"skew":[0.3515,0.3515],"index":26},{"scale":[0.9996,0.9996],"ref":"sptUpperLeg","loc":[-7.2148,121.0835],"pivot":[57.5,38.55],"duration":4,"skew":[0.2083,0.2083],"index":28},{"ref":"sptUpperLeg","loc":[-105,161.1],"pivot":[63.5,55.5],"duration":1,"skew":[0.8495,0.8495],"index":32}],"name":"UpperLegR"},{"keyframes":[{"ref":"sptArmNode","loc":[183.95,57.15],"pivot":[41,40.5],"duration":2,"skew":[-0.4483,-0.4483],"index":0},{"scale":[0.9982,0.9982],"ref":"sptArmNode","loc":[127.95,110.55],"pivot":[41,40.5],"duration":2,"skew":[-0.2674,-0.2674],"index":2},{"scale":[0.9986,0.9986],"ref":"sptArmNode","loc":[93.1,104.1],"pivot":[41,40.5],"duration":4,"skew":[-0.3501,-0.3501],"index":4},{"scale":[0.9993,0.9993],"ref":"sptArmNode","loc":[40.55,62.75],"pivot":[41,40.5],"duration":4,"skew":[-0.2231,-0.2231],"index":8},{"duration":2,"pivot":[41,40.5],"index":12,"ref":"sptArmNode","loc":[-48.75,-30.7]},{"duration":2,"pivot":[41,40.5],"index":14,"ref":"sptArmNode","loc":[-147.7,-52.15]},{"duration":4,"pivot":[41,40.5],"index":16,"ref":"sptArmNode","loc":[-198.65,-97.65]},{"duration":4,"pivot":[41,40.5],"index":20,"ref":"sptArmNode","loc":[-176.6,-40.4]},{"duration":2,"pivot":[41,40.5],"index":24,"ref":"sptArmNode","loc":[-129.45,-24.7]},{"duration":2,"pivot":[41,40.5],"index":26,"ref":"sptArmNode","loc":[-91.9,-6.2]},{"duration":2,"pivot":[41,40.5],"index":28,"ref":"sptArmNode","loc":[-29.9,-23.25]},{"scale":[0.9993,0.9993],"ref":"sptArmNode","loc":[79.35,31.9],"pivot":[41,40.5],"duration":2,"skew":[-0.2231,-0.2231],"index":30},{"ref":"sptArmNode","loc":[183.95,57.15],"pivot":[41,40.5],"duration":1,"skew":[-0.4483,-0.4483],"index":32}],"name":"ArmNodeR"},{"keyframes":[{"ref":"sptHand","loc":[303.45,-21.3],"pivot":[63.5,64],"duration":2,"skew":[-0.8456,-0.8456],"index":0},{"scale":[0.9977,0.9977],"ref":"sptHand","loc":[258.9,85.6],"pivot":[63.5,64],"duration":2,"skew":[-0.4773,-0.4773],"index":2},{"scale":[0.9985,0.9985],"ref":"sptHand","loc":[226.7,99.05],"pivot":[63.5,64],"duration":4,"skew":[-0.3709,-0.3709],"index":4},{"scale":[0.9987,0.9987],"ref":"sptHand","loc":[172.7,109.55],"pivot":[63.5,64],"duration":4,"skew":[-0.09,-0.09],"index":8},{"ref":"sptHand","loc":[2.9,96.6],"pivot":[63.5,64],"duration":2,"skew":[1.7717,1.7717],"index":12},{"scale":[0.9982,0.9982],"ref":"sptHand","loc":[-181.65,70.75],"pivot":[63.5,64],"duration":2,"skew":[1.9467,1.9467],"index":14},{"scale":[0.9985,0.9985],"ref":"sptHand","loc":[-298.95,1.25],"pivot":[63.5,64],"duration":4,"skew":[2.1223,2.1223],"index":16},{"scale":[0.9983,0.9983],"ref":"sptHand","loc":[-207.45,97.35],"pivot":[63.5,64],"duration":4,"skew":[1.2817,1.2817],"index":20},{"scale":[0.9998,0.9998],"ref":"sptHand","loc":[-105.8,111.2],"pivot":[63.5,64],"duration":2,"skew":[0.4363,0.4363],"index":24},{"scale":[0.9991,0.9991],"ref":"sptHand","loc":[-3.6,98.55],"pivot":[63.5,64],"duration":2,"skew":[-0.3507,-0.3507],"index":26},{"scale":[0.9998,0.9998],"ref":"sptHand","loc":[87.25,45.75],"pivot":[63.5,64],"duration":2,"skew":[0.018,0.018],"index":28},{"scale":[0.9987,0.9987],"ref":"sptHand","loc":[223.35,22.25],"pivot":[63.5,64],"duration":2,"skew":[-0.4116,-0.4116],"index":30},{"ref":"sptHand","loc":[303.45,-21.3],"pivot":[63.5,64],"duration":1,"skew":[-0.8456,-0.8456],"index":32}],"name":"HandR"},{"keyframes":[{"ref":"sptLowerArm","loc":[240.15,22.7],"pivot":[50.5,54.5],"duration":2,"skew":[-2.2346,-2.2346],"index":0},{"scale":[0.9982,0.9982],"ref":"sptLowerArm","loc":[186.8,100],"pivot":[50.5,54.5],"duration":2,"skew":[-1.8247,-1.8247],"index":2},{"scale":[0.9987,0.9987],"ref":"sptLowerArm","loc":[150.7,102.3],"pivot":[50.5,54.5],"duration":4,"skew":[-1.6761,-1.6761],"index":4},{"scale":[0.9992,0.9992],"ref":"sptLowerArm","loc":[93.95,86.55],"pivot":[50.5,54.5],"duration":4,"skew":[-1.3131,-1.3131],"index":8},{"ref":"sptLowerArm","loc":[-28.3,25.55],"pivot":[50.5,54.5],"duration":2,"skew":[-0.3918,-0.3918],"index":12},{"scale":[0.9987,0.9987],"ref":"sptLowerArm","loc":[-157.5,2.4],"pivot":[50.5,54.5],"duration":2,"skew":[0.1619,0.1619],"index":14},{"scale":[0.9983,0.9983],"ref":"sptLowerArm","loc":[-254.75,-56.7],"pivot":[50.5,54.5],"duration":4,"skew":[0.7174,0.7174],"index":16},{"scale":[0.998,0.998],"ref":"sptLowerArm","loc":[-205.4,19.4],"pivot":[50.5,54.5],"duration":4,"skew":[0.2627,0.2627],"index":20},{"scale":[0.9994,0.9994],"ref":"sptLowerArm","loc":[-130.5,41.8],"pivot":[50.5,54.5],"duration":2,"skew":[-0.1884,-0.1884],"index":24},{"scale":[0.9973,0.9973],"ref":"sptLowerArm","loc":[-64.85,48.1],"pivot":[50.5,54.5],"duration":2,"skew":[-0.5867,-0.5867],"index":26},{"scale":[0.9982,0.9982],"ref":"sptLowerArm","loc":[15.55,16.25],"pivot":[50.5,54.5],"duration":2,"skew":[-0.9887,-0.9887],"index":28},{"scale":[0.9989,0.9989],"ref":"sptLowerArm","loc":[145.9,35.5],"pivot":[50.5,54.5],"duration":2,"skew":[-1.6104,-1.6104],"index":30},{"ref":"sptLowerArm","loc":[240.15,22.7],"pivot":[50.5,54.5],"duration":1,"skew":[-2.2346,-2.2346],"index":32}],"name":"LowerArmR"},{"keyframes":[{"ref":"sptUpperArm","loc":[112.7,7.4],"pivot":[64.5,76.5],"duration":2,"skew":[-0.8978,-0.8978],"index":0},{"scale":[0.9974,0.9974],"ref":"sptUpperArm","loc":[76.45,43.75],"pivot":[64.5,76.5],"duration":2,"skew":[-0.6126,-0.6126],"index":2},{"scale":[0.9982,0.9982],"ref":"sptUpperArm","loc":[44.7,34.85],"pivot":[64.5,76.5],"duration":4,"skew":[-0.5861,-0.5861],"index":4},{"scale":[0.9994,0.9994],"ref":"sptUpperArm","loc":[19.25,-12.6],"pivot":[64.5,76.5],"duration":4,"skew":[-0.1708,-0.1708],"index":8},{"ref":"sptUpperArm","loc":[-14.25,-98.1],"pivot":[64.5,76.5],"duration":2,"skew":[0.5533,0.5533],"index":12},{"scale":[0.9985,0.9985],"ref":"sptUpperArm","loc":[-69.3,-79.25],"pivot":[64.5,76.5],"duration":2,"skew":[1.3477,1.3477],"index":14},{"scale":[0.9985,0.9985],"ref":"sptUpperArm","loc":[-124.5,-60.35],"pivot":[64.5,76.5],"duration":4,"skew":[2.1399,2.1399],"index":16},{"scale":[0.9973,0.9973],"ref":"sptUpperArm","loc":[-103.5,-44.55],"pivot":[64.5,76.5],"duration":4,"skew":[1.5485,1.5485],"index":20},{"scale":[0.9963,0.9963],"ref":"sptUpperArm","loc":[-69.2,-66.2],"pivot":[64.5,76.5],"duration":2,"skew":[0.9543,0.9543],"index":24},{"scale":[0.9953,0.9953],"ref":"sptUpperArm","loc":[-51.95,-78.25],"pivot":[64.5,76.5],"duration":2,"skew":[0.5999,0.5999],"index":26},{"scale":[0.9973,0.9973],"ref":"sptUpperArm","loc":[-21.2,-99.85],"pivot":[64.5,76.5],"duration":2,"skew":[0.2498,0.2498],"index":28},{"scale":[0.9976,0.9976],"ref":"sptUpperArm","loc":[45.85,-46.25],"pivot":[64.5,76.5],"duration":2,"skew":[-0.3235,-0.3235],"index":30},{"ref":"sptUpperArm","loc":[112.7,7.4],"pivot":[64.5,76.5],"duration":1,"skew":[-0.8978,-0.8978],"index":32}],"name":"UpperArmR"},{"keyframes":[{"ref":"~Tween 1","loc":[119.55,383.8],"tweened":false,"duration":2,"alpha":0,"index":0},{"duration":2,"index":2,"ref":"~Tween 1","loc":[119.55,383.8]},{"duration":4,"index":4,"ref":"~Tween 2","loc":[87.1,360.45]},{"scale":[1.1523,1.1523],"ref":"~Tween 2","loc":[55.1,355.45],"tweened":false,"duration":10,"alpha":0,"index":8},{"duration":2,"index":18,"ref":"~Tween 1","loc":[97.55,383.8]},{"duration":4,"index":20,"ref":"~Tween 2","loc":[83.1,360.45]},{"scale":[1.1523,1.1523],"ref":"~Tween 2","loc":[45.1,357.45],"tweened":false,"duration":9,"alpha":0,"index":24}],"name":"dust"}],"id":"wrapperPlayerWalk"},{"layers":[{"keyframes":[{"scale":[0.3083,0.3083],"ref":"sptDust","loc":[98.6,2.25],"pivot":[9.05,9.05],"duration":1,"alpha":0.6719,"index":0,"tweened":false}],"name":"sptDust02"},{"keyframes":[{"scale":[0.558,0.558],"ref":"sptDust","loc":[-96.3,0],"pivot":[9.05,9.05],"duration":1,"alpha":0.5508,"index":0,"tweened":false}],"name":"sptDust01"}],"id":"~Tween 1"},{"layers":[{"keyframes":[{"scale":[0.558,0.558],"ref":"sptDust","loc":[120.55,21.05],"pivot":[9.05,9.05],"duration":1,"index":0,"tweened":false}],"name":"sptDust04"},{"keyframes":[{"scale":[1.0035,1.0035],"ref":"sptDust","loc":[148.15,-5.1],"pivot":[9.05,9.05],"duration":1,"index":0,"tweened":false}],"name":"sptDust03"},{"keyframes":[{"scale":[1.442,1.442],"ref":"sptDust","loc":[-144.2,-13.05],"pivot":[9.05,9.05],"duration":1,"index":0,"tweened":false}],"name":"sptDust02"},{"keyframes":[{"ref":"sptDust","loc":[-99.85,13.05],"tweened":false,"duration":1,"index":0,"pivot":[9.05,9.05]}],"name":"sptDust01"}],"id":"~Tween 2"},{"layers":[{"keyframes":[{"ref":"platform01c_Sec02","loc":[414,460],"tweened":false,"duration":1,"index":0,"pivot":[414,460]}],"name":"Layer 1"}],"id":"~warpperplatform01c_Sec02"},{"layers":[{"keyframes":[{"ref":"platform01_Sec01","loc":[414,92],"tweened":false,"duration":1,"index":0,"pivot":[414,92]}],"name":"Layer 1"}],"id":"~wrapperPlatform01_Sec01"},{"layers":[{"keyframes":[{"ref":"platform01a_Sec02","loc":[414,460],"tweened":false,"duration":1,"index":0,"pivot":[414,460]}],"name":"Layer 1"}],"id":"~wrapperPlatform01a_Sec02"},{"layers":[{"keyframes":[{"ref":"platform01b_Sec02","loc":[828,644],"tweened":false,"duration":1,"index":0,"pivot":[828,644]}],"name":"Layer 1"}],"id":"~wrapperPlatform01b_Sec02"},{"layers":[{"keyframes":[{"ref":"platform02_Sec01","loc":[414,92],"tweened":false,"duration":1,"index":0,"pivot":[414,92]}],"name":"Layer 1"}],"id":"~wrapperPlatform02_Sec01"},{"layers":[{"keyframes":[{"ref":"platform02_Sec02","loc":[414,184],"tweened":false,"duration":1,"index":0,"pivot":[414,184]}],"name":"Layer 1"}],"id":"~wrapperPlatform02_Sec02"},{"layers":[{"keyframes":[{"ref":"platform03_Sec01","loc":[414,184],"tweened":false,"duration":1,"index":0,"pivot":[414,184]}],"name":"Layer 1"}],"id":"~wrapperPlatform03_Sec01"},{"layers":[{"keyframes":[{"ref":"platform03_Sec02","loc":[207,276],"tweened":false,"duration":1,"index":0,"pivot":[207,276]}],"name":"Layer 1"}],"id":"~wrapperPlatform03_Sec02"},{"layers":[{"keyframes":[{"ref":"platform04_Sec01","loc":[207,276],"tweened":false,"duration":1,"index":0,"pivot":[207,276]}],"name":"Layer 1"}],"id":"~wrapperPlatform04_Sec01"}],"textureGroups":[{"scaleFactor":1,"atlases":[{"textures":[{"symbol":"platform01b_Sec02","origin":[0,0],"rect":[1,1,1656,1288]},{"symbol":"platform01_Sec02","origin":[0,0],"rect":[1,1291,1242,552]},{"symbol":"platform03_Sec02","origin":[0,0],"rect":[1245,1291,414,552]},{"symbol":"platform02_Sec01","origin":[0,0],"rect":[1,1845,828,184]},{"symbol":"platform01_Sec01","origin":[0,0],"rect":[832,1845,828,184]},{"symbol":"sptBG02","origin":[0,0],"rect":[1659,1,337,221]},{"symbol":"sptBG01","origin":[0,0],"rect":[1659,224,299,218]},{"symbol":"sptFoot","origin":[100.5,67.5],"rect":[1659,444,201,135]},{"symbol":"sptUpperArm","origin":[64.5,76.5],"rect":[1862,444,126,150]},{"symbol":"sptHand","origin":[63.5,64],"rect":[1659,581,127,128]},{"symbol":"sptLegNode","origin":[53.5,53],"rect":[1788,596,107,107]},{"symbol":"sptLowerArm","origin":[50.5,54.5],"rect":[1897,596,101,92]},{"symbol":"sptLowerLeg","origin":[57.5,39.5],"rect":[1897,690,115,79]},{"symbol":"sptUpperLeg","origin":[63.5,55.5],"rect":[1659,711,115,77]},{"symbol":"sptArmNode","origin":[41,40.5],"rect":[1960,224,81,81]},{"symbol":"sptDust","origin":[9.05,9.05],"rect":[1998,1,18,18]}],"file":"atlas0.png"},{"textures":[{"symbol":"platform01a_Sec02","origin":[0,0],"rect":[1,1,828,920]},{"symbol":"platform01c_Sec02","origin":[0,0],"rect":[832,1,828,920]},{"symbol":"platform03_Sec01","origin":[0,0],"rect":[1,923,828,368]},{"symbol":"platform02_Sec02","origin":[0,0],"rect":[832,923,828,368]},{"symbol":"platform04_Sec01","origin":[0,0],"rect":[1,1293,414,552]},{"symbol":"sptHead","origin":[204.5,204],"rect":[417,1293,409,408]},{"symbol":"sptBody","origin":[214.5,156.5],"rect":[828,1293,433,263]}],"file":"atlas1.png"}]}],"md5":"36405fdcdaea861c2f9e986217a01b70"}