{"md5":"fef030114bc432e0403d3cac91371caa","textureGroups":[{"scaleFactor":1,"atlases":[{"textures":[{"origin":[0,0],"rect":[1,1,1656,1288],"symbol":"platform01b_Sec02"},{"origin":[0,0],"rect":[1,1291,1242,552],"symbol":"platform01_Sec02"},{"origin":[0,0],"rect":[1245,1291,414,552],"symbol":"platform04_Sec01"},{"origin":[0,0],"rect":[1,1845,828,184],"symbol":"platform01_Sec01"},{"origin":[0,0],"rect":[832,1845,828,184],"symbol":"platform02_Sec01"},{"origin":[0,0],"rect":[1659,1,337,221],"symbol":"sptBG02"},{"origin":[0,0],"rect":[1659,224,299,218],"symbol":"sptBG01"},{"origin":[82.5,91.5],"rect":[1659,444,165,183],"symbol":"playerStaticPlaceholder"}],"file":"atlas0.png"},{"textures":[{"origin":[0,0],"rect":[1,1,828,920],"symbol":"platform01a_Sec02"},{"origin":[0,0],"rect":[832,1,828,920],"symbol":"platform01c_Sec02"},{"origin":[0,0],"rect":[1,923,828,368],"symbol":"platform03_Sec01"},{"origin":[0,0],"rect":[832,923,828,368],"symbol":"platform02_Sec02"},{"origin":[0,0],"rect":[1,1293,414,552],"symbol":"platform03_Sec02"},{"origin":[0,0],"rect":[417,1293,612,238],"symbol":"PoolGraphic"}],"file":"atlas1.png"}]}],"frameRate":60,"movies":[{"layers":[{"name":"playerStaticPlaceholder","keyframes":[{"duration":8,"label":"idle","ref":"playerStaticPlaceholder","index":0,"tweened":false,"pivot":[82.5,91.5]},{"duration":8,"label":"walk","ref":"playerStaticPlaceholder","index":8,"tweened":false,"pivot":[82.5,91.5]},{"duration":8,"label":"jump","ref":"playerStaticPlaceholder","index":16,"tweened":false,"pivot":[82.5,91.5]},{"duration":8,"label":"swim","ref":"playerStaticPlaceholder","index":24,"tweened":false,"pivot":[82.5,91.5]}]}],"id":"AnimRobot"},{"layers":[{"name":"Layer 1","keyframes":[{"duration":1,"ref":"PoolGraphic","index":0,"tweened":false}]}],"id":"PoolComponent"},{"layers":[{"name":"sector01","keyframes":[{"duration":1,"ref":"sector01","index":0,"loc":[0,64.7],"tweened":false}]},{"name":"sector02","keyframes":[{"duration":1,"ref":"sector02","index":0,"loc":[5118.1,55.45],"tweened":false}]},{"name":"sector03","keyframes":[{"duration":1,"loc":[11666.85,966.7],"ref":"sector01","index":0,"tweened":false,"pivot":[2346,902]}]},{"name":"sector04","keyframes":[{"duration":1,"ref":"sector01","index":0,"loc":[14529.1,64.7],"tweened":false}]},{"name":"sector05","keyframes":[{"duration":1,"loc":[39018.5,64.7],"skew":[0,3.1416],"ref":"sector01","index":0,"tweened":false}]},{"name":"sector06","keyframes":[{"duration":1,"loc":[31071.4,1918.45],"skew":[0,3.1416],"ref":"sector02","index":0,"tweened":false,"pivot":[2829,1863]}]},{"name":"sector07","keyframes":[{"duration":1,"loc":[29697.65,64.7],"skew":[0,3.1416],"ref":"sector01","index":0,"tweened":false}]},{"name":"sector08","keyframes":[{"duration":1,"loc":[24489.4,64.7],"skew":[0,3.1416],"ref":"sector01","index":0,"tweened":false}]},{"name":"player","keyframes":[{"duration":1,"loc":[156,535.9],"customData":{"$speed":12,"$slideSpeed":0.75,"$friction":0.75,"$jumpHeight":18,"Character":true,"TouchInput":true},"ref":"AnimRobot","index":0,"tweened":false}]}],"id":"Scene"},{"layers":[{"name":"nevermind","keyframes":[{"index":0,"duration":1}]},{"name":"pool","keyframes":[{"duration":1,"loc":[0,831.65],"scale":[2.2057,1.4503],"ref":"PoolComponent","index":0,"tweened":false,"customData":{"$rightWall":true,"$bottom":true,"$leftWall":true,"Pool":true,"$wallThickness":0,"$density":2}}]},{"name":"platform01_Sec01","keyframes":[{"duration":1,"loc":[1356,581.4],"scale":[0.9637,1],"ref":"~wrapperPlatform01_Sec01","index":0,"tweened":false,"customData":{"$topCollideOnly":true,"Platform":true}}]},{"name":"platform02_Sec01","keyframes":[{"duration":1,"loc":[1351.85,994],"scale":[1.0606,1],"ref":"~wrapperPlatform02_Sec01","index":0,"tweened":false,"customData":{"$topCollideOnly":true,"Platform":true}}]},{"name":"platform03_Sec01","keyframes":[{"duration":1,"loc":[2622,810],"customData":{"$topCollideOnly":true,"Platform":true},"ref":"~wrapperPlatform03_Sec01","index":0,"tweened":false}]},{"name":"platform04_Sec01","keyframes":[{"duration":1,"loc":[4278,626],"customData":{"$topCollideOnly":true,"Platform":true},"ref":"~wrapperPlatform04_Sec01","index":0,"tweened":false}]}],"id":"sector01"},{"layers":[{"name":"platform01a_Sec02","keyframes":[{"duration":1,"loc":[690,427.5],"scale":[1,0.8258],"ref":"~wrapperPlatform01a_Sec02","index":0,"tweened":false,"customData":{"$topCollideOnly":true,"Platform":true}}]},{"name":"platform01b_Sec02","keyframes":[{"duration":1,"loc":[1932,179.5],"scale":[1,0.7824],"ref":"~wrapperPlatform01b_Sec02","index":0,"tweened":false,"customData":{"$topCollideOnly":true,"Platform":true}}]},{"name":"warpperplatform01c_Sec02","keyframes":[{"duration":1,"loc":[6485.65,603.55],"scale":[1.4065,0.6345],"ref":"~warpperplatform01c_Sec02","index":0,"tweened":false,"customData":{"$topCollideOnly":true,"Platform":true}}]},{"name":"warpperplatform01c_Sec02","keyframes":[{"duration":1,"loc":[5195.75,299.05],"scale":[1,0.9654],"ref":"~warpperplatform01c_Sec02","index":0,"tweened":false,"customData":{"$topCollideOnly":true,"Platform":true}}]},{"name":"platform01c_Sec02","keyframes":[{"duration":1,"loc":[4002,-85.3],"scale":[1,1.3832],"ref":"~warpperplatform01c_Sec02","index":0,"tweened":false,"customData":{"$topCollideOnly":true,"Platform":true}}]},{"name":"wrapperPlatform02_Sec02","keyframes":[{"duration":1,"loc":[414,819.25],"scale":[1.1451,1],"ref":"~wrapperPlatform02_Sec02","index":0,"tweened":false,"customData":{"$topCollideOnly":true,"Platform":true}}]},{"name":"platform02_Sec02","keyframes":[{"duration":1,"loc":[2070,819.25],"scale":[0.9929,1],"ref":"~wrapperPlatform02_Sec02","index":0,"tweened":false,"customData":{"$topCollideOnly":true,"Platform":true}}]},{"name":"wrapperPlatform03_Sec02","keyframes":[{"duration":1,"loc":[-5.9,635.25],"customData":{"$topCollideOnly":true,"Platform":true},"ref":"~wrapperPlatform03_Sec02","index":0,"tweened":false}]},{"name":"platform03_Sec02","keyframes":[{"duration":1,"loc":[3312,635.25],"customData":{"$topCollideOnly":true,"Platform":true},"ref":"~wrapperPlatform03_Sec02","index":0,"tweened":false}]}],"id":"sector02"},{"layers":[{"name":"Layer 1","keyframes":[{"duration":1,"loc":[414,460],"ref":"platform01c_Sec02","index":0,"tweened":false,"pivot":[414,460]}]}],"id":"~warpperplatform01c_Sec02"},{"layers":[{"name":"Layer 1","keyframes":[{"duration":1,"loc":[414,92],"ref":"platform01_Sec01","index":0,"tweened":false,"pivot":[414,92]}]}],"id":"~wrapperPlatform01_Sec01"},{"layers":[{"name":"Layer 1","keyframes":[{"duration":1,"loc":[414,460],"ref":"platform01a_Sec02","index":0,"tweened":false,"pivot":[414,460]}]}],"id":"~wrapperPlatform01a_Sec02"},{"layers":[{"name":"Layer 1","keyframes":[{"duration":1,"loc":[828,644],"ref":"platform01b_Sec02","index":0,"tweened":false,"pivot":[828,644]}]}],"id":"~wrapperPlatform01b_Sec02"},{"layers":[{"name":"Layer 1","keyframes":[{"duration":1,"loc":[414,92],"ref":"platform02_Sec01","index":0,"tweened":false,"pivot":[414,92]}]}],"id":"~wrapperPlatform02_Sec01"},{"layers":[{"name":"Layer 1","keyframes":[{"duration":1,"loc":[414,184],"ref":"platform02_Sec02","index":0,"tweened":false,"pivot":[414,184]}]}],"id":"~wrapperPlatform02_Sec02"},{"layers":[{"name":"Layer 1","keyframes":[{"duration":1,"loc":[414,184],"ref":"platform03_Sec01","index":0,"tweened":false,"pivot":[414,184]}]}],"id":"~wrapperPlatform03_Sec01"},{"layers":[{"name":"Layer 1","keyframes":[{"duration":1,"loc":[207,276],"ref":"platform03_Sec02","index":0,"tweened":false,"pivot":[207,276]}]}],"id":"~wrapperPlatform03_Sec02"},{"layers":[{"name":"Layer 1","keyframes":[{"duration":1,"loc":[207,276],"ref":"platform04_Sec01","index":0,"tweened":false,"pivot":[207,276]}]}],"id":"~wrapperPlatform04_Sec01"}]}