{"frameRate":60,"movies":[{"id":"AnimRobot","layers":[{"name":"playerStaticPlaceholder","keyframes":[{"tweened":false,"duration":8,"label":"idle","ref":"playerStaticPlaceholder","pivot":[82.5,91.5],"index":0},{"tweened":false,"duration":8,"label":"walk","ref":"playerStaticPlaceholder","pivot":[82.5,91.5],"index":8}]}]},{"id":"Scene","layers":[{"name":"sector01","keyframes":[{"tweened":false,"duration":1,"loc":[2553,1863],"pivot":[2553,1863],"index":0,"ref":"sector01"}]},{"name":"sector02","keyframes":[{"tweened":false,"duration":1,"loc":[7915,1863],"pivot":[2829,1863],"index":0,"ref":"sector02"}]},{"name":"Layer 2","keyframes":[{"customData":{"$speed":3,"$friction":0.75,"$slideSpeed":0.75,"$jumpHeight":36,"Character":true,"TouchInput":true},"duration":1,"loc":[260.1,712.2],"tweened":false,"index":0,"ref":"AnimRobot"}]}]},{"id":"sector01","layers":[{"name":"platform01_Sec01","keyframes":[{"customData":{"$topCollideOnly":true,"Platform":true},"duration":1,"loc":[0,994],"tweened":false,"index":0,"ref":"~wrapperPlatform01_Sec01"}]},{"name":"platform02_Sec01","keyframes":[{"customData":{"$topCollideOnly":true,"Platform":true},"duration":1,"loc":[1380,994],"tweened":false,"index":0,"ref":"~wrapperPlatform02_Sec01"}]},{"name":"platform03_Sec01","keyframes":[{"customData":{"$topCollideOnly":true,"Platform":true},"duration":1,"loc":[2622,810],"tweened":false,"index":0,"ref":"~wrapperPlatform03_Sec01"}]},{"name":"platform04_Sec01","keyframes":[{"customData":{"$topCollideOnly":true,"Platform":true},"duration":1,"loc":[4278,626],"tweened":false,"index":0,"ref":"~wrapperPlatform04_Sec01"}]}]},{"id":"sector02","layers":[{"name":"platform01a_Sec02","keyframes":[{"customData":{"$topCollideOnly":true,"Platform":true},"duration":1,"loc":[690,259.25],"tweened":false,"index":0,"ref":"~wrapperPlatform01a_Sec02"}]},{"name":"platform01_Sec02","keyframes":[{"customData":{"$topCollideOnly":true,"Platform":true},"duration":1,"loc":[0,627.25],"tweened":false,"index":0,"ref":"~warpperPlatform01_Sec02"}]},{"name":"platform01b_Sec02","keyframes":[{"customData":{"$topCollideOnly":true,"Platform":true},"duration":1,"loc":[1932,-108.75],"tweened":false,"index":0,"ref":"~wrapperPlatform01b_Sec02"}]},{"name":"platform01c_Sec02","keyframes":[{"customData":{"$topCollideOnly":true,"Platform":true},"duration":1,"loc":[4002,259.25],"tweened":false,"index":0,"ref":"~warpperplatform01c_Sec02"}]},{"name":"platform02_Sec02","keyframes":[{"customData":{"$topCollideOnly":true,"Platform":true},"duration":1,"loc":[2070,811.25],"tweened":false,"index":0,"ref":"~wrapperPlatform02_Sec02"}]},{"name":"platform03_Sec02","keyframes":[{"customData":{"$topCollideOnly":true,"Platform":true},"duration":1,"loc":[3312,627.25],"tweened":false,"index":0,"ref":"~wrapperPlatform03_Sec02"}]}]},{"id":"~warpperPlatform01_Sec02","layers":[{"name":"Layer 1","keyframes":[{"tweened":false,"duration":1,"loc":[621,276],"pivot":[621,276],"index":0,"ref":"platform01_Sec02"}]}]},{"id":"~warpperplatform01c_Sec02","layers":[{"name":"Layer 1","keyframes":[{"tweened":false,"duration":1,"loc":[414,460],"pivot":[414,460],"index":0,"ref":"platform01c_Sec02"}]}]},{"id":"~wrapperPlatform01_Sec01","layers":[{"name":"Layer 1","keyframes":[{"tweened":false,"duration":1,"loc":[414,92],"pivot":[414,92],"index":0,"ref":"platform01_Sec01"}]}]},{"id":"~wrapperPlatform01a_Sec02","layers":[{"name":"Layer 1","keyframes":[{"tweened":false,"duration":1,"loc":[414,460],"pivot":[414,460],"index":0,"ref":"platform01a_Sec02"}]}]},{"id":"~wrapperPlatform01b_Sec02","layers":[{"name":"Layer 1","keyframes":[{"tweened":false,"duration":1,"loc":[828,644],"pivot":[828,644],"index":0,"ref":"platform01b_Sec02"}]}]},{"id":"~wrapperPlatform02_Sec01","layers":[{"name":"Layer 1","keyframes":[{"tweened":false,"duration":1,"loc":[414,92],"pivot":[414,92],"index":0,"ref":"platform02_Sec01"}]}]},{"id":"~wrapperPlatform02_Sec02","layers":[{"name":"Layer 1","keyframes":[{"tweened":false,"duration":1,"loc":[414,184],"pivot":[414,184],"index":0,"ref":"platform02_Sec02"}]}]},{"id":"~wrapperPlatform03_Sec01","layers":[{"name":"Layer 1","keyframes":[{"tweened":false,"duration":1,"loc":[414,184],"pivot":[414,184],"index":0,"ref":"platform03_Sec01"}]}]},{"id":"~wrapperPlatform03_Sec02","layers":[{"name":"Layer 1","keyframes":[{"tweened":false,"duration":1,"loc":[207,276],"pivot":[207,276],"index":0,"ref":"platform03_Sec02"}]}]},{"id":"~wrapperPlatform04_Sec01","layers":[{"name":"Layer 1","keyframes":[{"tweened":false,"duration":1,"loc":[207,276],"pivot":[207,276],"index":0,"ref":"platform04_Sec01"}]}]}],"textureGroups":[{"atlases":[{"file":"atlas0.png","textures":[{"symbol":"platform01b_Sec02","origin":[0,0],"rect":[1,1,1656,1288]},{"symbol":"platform01_Sec02","origin":[0,0],"rect":[1,1291,1242,552]},{"symbol":"platform04_Sec01","origin":[0,0],"rect":[1245,1291,414,552]},{"symbol":"platform02_Sec01","origin":[0,0],"rect":[1,1845,828,184]},{"symbol":"platform01_Sec01","origin":[0,0],"rect":[832,1845,828,184]},{"symbol":"sptBG02","origin":[0,0],"rect":[1659,1,337,221]},{"symbol":"sptBG01","origin":[0,0],"rect":[1659,224,299,218]},{"symbol":"playerStaticPlaceholder","origin":[82.5,91.5],"rect":[1659,444,165,183]}]},{"file":"atlas1.png","textures":[{"symbol":"platform01a_Sec02","origin":[0,0],"rect":[1,1,828,920]},{"symbol":"platform01c_Sec02","origin":[0,0],"rect":[832,1,828,920]},{"symbol":"platform02_Sec02","origin":[0,0],"rect":[1,923,828,368]},{"symbol":"platform03_Sec01","origin":[0,0],"rect":[832,923,828,368]},{"symbol":"platform03_Sec02","origin":[0,0],"rect":[1,1293,414,552]}]}],"scaleFactor":1}],"md5":"8cc306ac2e7121b7ee4f7b671fdefa7d"}