{"frameRate":60,"movies":[{"layers":[{"keyframes":[{"duration":9,"pivot":[40.5,40.5],"index":0,"ref":"sptArmNode","loc":[70.45,66.95]},{"duration":4,"pivot":[41,40.5],"index":9,"ref":"sptArmNode","loc":[-194.7,-81.65]},{"duration":4,"pivot":[41,40.5],"index":13,"ref":"sptArmNode","loc":[-172.65,-24.4]},{"duration":2,"pivot":[41,40.5],"index":17,"ref":"sptArmNode","loc":[-138.95,28.9]},{"duration":2,"pivot":[41,40.5],"index":19,"ref":"sptArmNode","loc":[-87.95,23.85]},{"duration":2,"pivot":[41,40.5],"index":21,"ref":"sptArmNode","loc":[-25.95,-7.25]},{"scale":[0.9993,0.9993],"ref":"sptArmNode","loc":[83.3,47.9],"pivot":[41,40.5],"duration":2,"skew":[-0.2231,-0.2231],"index":23},{"ref":"sptArmNode","loc":[187.9,73.15],"pivot":[41,40.5],"duration":3,"skew":[-0.4483,-0.4483],"index":25},{"scale":[0.9986,0.9986],"ref":"sptArmNode","loc":[97.05,120.1],"pivot":[41,40.5],"duration":5,"skew":[-0.3501,-0.3501],"index":28},{"scale":[0.9993,0.9993],"ref":"sptArmNode","loc":[44.5,78.75],"pivot":[41,40.5],"duration":4,"skew":[-0.2231,-0.2231],"index":33},{"duration":2,"pivot":[41,40.5],"index":37,"ref":"sptArmNode","loc":[-44.8,-14.7]},{"duration":2,"pivot":[41,40.5],"index":39,"ref":"sptArmNode","loc":[-143.75,-36.15]},{"duration":1,"pivot":[41,40.5],"index":41,"ref":"sptArmNode","loc":[-194.7,-81.65]}],"name":"ArmNodeL"},{"keyframes":[{"scale":[0.9985,0.9985],"ref":"sptHand","loc":[117.95,199.75],"pivot":[63.5,64],"duration":9,"skew":[1.7315,1.7315],"index":0},{"scale":[0.9985,0.9985],"ref":"sptHand","loc":[-295,17.25],"pivot":[63.5,64],"duration":4,"skew":[2.1223,2.1223],"index":9},{"scale":[0.9983,0.9983],"ref":"sptHand","loc":[-203.5,113.35],"pivot":[63.5,64],"duration":4,"skew":[1.2817,1.2817],"index":13},{"scale":[0.9998,0.9998],"ref":"sptHand","loc":[-115.3,164.8],"pivot":[63.5,64],"duration":2,"skew":[0.4363,0.4363],"index":17},{"scale":[0.9991,0.9991],"ref":"sptHand","loc":[0.35,128.6],"pivot":[63.5,64],"duration":2,"skew":[-0.3507,-0.3507],"index":19},{"scale":[0.9998,0.9998],"ref":"sptHand","loc":[91.2,61.75],"pivot":[63.5,64],"duration":2,"skew":[0.018,0.018],"index":21},{"scale":[0.9987,0.9987],"ref":"sptHand","loc":[227.3,38.25],"pivot":[63.5,64],"duration":2,"skew":[-0.4116,-0.4116],"index":23},{"ref":"sptHand","loc":[307.4,-5.3],"pivot":[63.5,64],"duration":3,"skew":[-0.8456,-0.8456],"index":25},{"scale":[0.9985,0.9985],"ref":"sptHand","loc":[230.65,115.05],"pivot":[63.5,64],"duration":5,"skew":[-0.3709,-0.3709],"index":28},{"scale":[0.9987,0.9987],"ref":"sptHand","loc":[176.65,125.55],"pivot":[63.5,64],"duration":4,"skew":[-0.09,-0.09],"index":33},{"ref":"sptHand","loc":[6.85,112.6],"pivot":[63.5,64],"duration":2,"skew":[1.7717,1.7717],"index":37},{"scale":[0.9982,0.9982],"ref":"sptHand","loc":[-177.7,86.75],"pivot":[63.5,64],"duration":2,"skew":[1.9467,1.9467],"index":39},{"scale":[0.9985,0.9985],"ref":"sptHand","loc":[-295,17.25],"pivot":[63.5,64],"duration":1,"skew":[2.1223,2.1223],"index":41}],"name":"HandL"},{"keyframes":[{"scale":[0.9988,0.9988],"ref":"sptLowerArm","loc":[91.9801,115.8646],"pivot":[50.45,46],"duration":9,"skew":[-0.3895,-0.3895],"index":0},{"scale":[0.9983,0.9983],"ref":"sptLowerArm","loc":[-250.8,-40.7],"pivot":[50.5,54.5],"duration":4,"skew":[0.7174,0.7174],"index":9},{"scale":[0.998,0.998],"ref":"sptLowerArm","loc":[-201.45,35.4],"pivot":[50.5,54.5],"duration":4,"skew":[0.2627,0.2627],"index":13},{"scale":[0.9994,0.9994],"ref":"sptLowerArm","loc":[-140,95.4],"pivot":[50.5,54.5],"duration":2,"skew":[-0.1884,-0.1884],"index":17},{"scale":[0.9973,0.9973],"ref":"sptLowerArm","loc":[-60.9,78.15],"pivot":[50.5,54.5],"duration":2,"skew":[-0.5867,-0.5867],"index":19},{"scale":[0.9982,0.9982],"ref":"sptLowerArm","loc":[19.5,32.25],"pivot":[50.5,54.5],"duration":2,"skew":[-0.9887,-0.9887],"index":21},{"scale":[0.9989,0.9989],"ref":"sptLowerArm","loc":[149.85,51.5],"pivot":[50.5,54.5],"duration":2,"skew":[-1.6104,-1.6104],"index":23},{"ref":"sptLowerArm","loc":[244.1,38.7],"pivot":[50.5,54.5],"duration":3,"skew":[-2.2346,-2.2346],"index":25},{"scale":[0.9987,0.9987],"ref":"sptLowerArm","loc":[154.65,118.3],"pivot":[50.5,54.5],"duration":5,"skew":[-1.6761,-1.6761],"index":28},{"scale":[0.9992,0.9992],"ref":"sptLowerArm","loc":[97.9,102.55],"pivot":[50.5,54.5],"duration":4,"skew":[-1.3131,-1.3131],"index":33},{"ref":"sptLowerArm","loc":[-24.35,41.55],"pivot":[50.5,54.5],"duration":2,"skew":[-0.3918,-0.3918],"index":37},{"scale":[0.9987,0.9987],"ref":"sptLowerArm","loc":[-153.55,18.4],"pivot":[50.5,54.5],"duration":2,"skew":[0.1619,0.1619],"index":39},{"scale":[0.9983,0.9983],"ref":"sptLowerArm","loc":[-250.8,-40.7],"pivot":[50.5,54.5],"duration":1,"skew":[0.7174,0.7174],"index":41}],"name":"LowerArmL"},{"keyframes":[{"ref":"sptUpperArm","loc":[100.808,5.4071],"pivot":[62.95,75],"duration":9,"skew":[0.4752,0.4752],"index":0},{"scale":[0.9985,0.9985],"ref":"sptUpperArm","loc":[-120.55,-44.35],"pivot":[64.5,76.5],"duration":4,"skew":[2.1399,2.1399],"index":9},{"scale":[0.9973,0.9973],"ref":"sptUpperArm","loc":[-99.55,-28.55],"pivot":[64.5,76.5],"duration":4,"skew":[1.5485,1.5485],"index":13},{"scale":[0.9963,0.9963],"ref":"sptUpperArm","loc":[-78.7,-12.6],"pivot":[64.5,76.5],"duration":2,"skew":[0.9543,0.9543],"index":17},{"scale":[0.9953,0.9953],"ref":"sptUpperArm","loc":[-48,-48.2],"pivot":[64.5,76.5],"duration":2,"skew":[0.5999,0.5999],"index":19},{"scale":[0.9973,0.9973],"ref":"sptUpperArm","loc":[-17.25,-83.85],"pivot":[64.5,76.5],"duration":2,"skew":[0.2498,0.2498],"index":21},{"scale":[0.9976,0.9976],"ref":"sptUpperArm","loc":[49.8,-30.25],"pivot":[64.5,76.5],"duration":2,"skew":[-0.3235,-0.3235],"index":23},{"ref":"sptUpperArm","loc":[116.65,23.4],"pivot":[64.5,76.5],"duration":3,"skew":[-0.8978,-0.8978],"index":25},{"scale":[0.9982,0.9982],"ref":"sptUpperArm","loc":[48.65,50.85],"pivot":[64.5,76.5],"duration":5,"skew":[-0.5861,-0.5861],"index":28},{"scale":[0.9994,0.9994],"ref":"sptUpperArm","loc":[23.2,3.4],"pivot":[64.5,76.5],"duration":4,"skew":[-0.1708,-0.1708],"index":33},{"ref":"sptUpperArm","loc":[-10.3,-82.1],"pivot":[64.5,76.5],"duration":2,"skew":[0.5533,0.5533],"index":37},{"scale":[0.9985,0.9985],"ref":"sptUpperArm","loc":[-65.35,-63.25],"pivot":[64.5,76.5],"duration":2,"skew":[1.3477,1.3477],"index":39},{"scale":[0.9985,0.9985],"ref":"sptUpperArm","loc":[-120.55,-44.35],"pivot":[64.5,76.5],"duration":1,"skew":[2.1399,2.1399],"index":41}],"name":"UpperArmL"},{"keyframes":[{"duration":9,"pivot":[100.5,67.5],"index":0,"ref":"sptFoot","loc":[78.15,353.05]},{"scale":[0.9988,0.9988],"ref":"sptFoot","loc":[151.4,335.55],"pivot":[100.5,67.5],"duration":2,"skew":[-0.4071,-0.4071],"index":9},{"scale":[0.9993,0.9993],"ref":"sptFoot","loc":[127.65,353.15],"pivot":[100.5,67.5],"duration":2,"index":11},{"duration":4,"pivot":[100.5,67.5],"index":13,"ref":"sptFoot","loc":[106.5,353.25]},{"duration":2,"pivot":[100.5,67.5],"index":17,"ref":"sptFoot","loc":[79.1,353.4]},{"duration":2,"pivot":[100.5,67.5],"index":19,"ref":"sptFoot","loc":[-18.6,352.3]},{"ref":"sptFoot","loc":[-39.25,291.5],"pivot":[100.5,67.5],"duration":4,"skew":[0.8285,0.8285],"index":21},{"scale":[0.9994,0.9994],"ref":"sptFoot","loc":[-288.45,196.3],"pivot":[100.5,67.5],"duration":8,"skew":[2.0166,2.0166],"index":25},{"scale":[0.9977,0.9977],"ref":"sptFoot","loc":[-142.55,301.85],"pivot":[100.5,67.5],"duration":4,"skew":[0.8099,0.8099],"index":33},{"duration":4,"pivot":[100.5,67.5],"index":37,"ref":"sptFoot","loc":[-3.25,249.4]},{"scale":[0.9988,0.9988],"ref":"sptFoot","loc":[151.4,335.55],"pivot":[100.5,67.5],"duration":1,"skew":[-0.4071,-0.4071],"index":41}],"name":"FootL"},{"keyframes":[{"duration":9,"pivot":[53.5,53.5],"index":0,"ref":"sptLegNode","loc":[53.75,232.05]},{"duration":4,"pivot":[51.5,53.5],"index":9,"ref":"sptLegNode","loc":[60.5,222.4]},{"duration":4,"pivot":[53.5,53],"index":13,"ref":"sptLegNode","loc":[59.5,221.9]},{"duration":2,"pivot":[51.5,53.5],"index":17,"ref":"sptLegNode","loc":[54.5,222.4]},{"scale":[0.9995,0.9995],"ref":"sptLegNode","loc":[-20.4444,229.8761],"pivot":[51.55,53.45],"duration":2,"skew":[0.6241,0.6241],"index":19},{"ref":"sptLegNode","loc":[-9.9139,169.5047],"pivot":[53.45,53.5],"duration":4,"skew":[0.3401,0.3401],"index":21},{"ref":"sptLegNode","loc":[-138.5742,202.0461],"pivot":[51.5,53.55],"duration":8,"skew":[0.2703,0.2703],"index":25},{"duration":4,"pivot":[51.5,53.5],"index":33,"ref":"sptLegNode","loc":[-76.9,190.6]},{"duration":4,"pivot":[53.5,53],"index":37,"ref":"sptLegNode","loc":[-24.95,127.9]},{"duration":1,"pivot":[51.5,53.5],"index":41,"ref":"sptLegNode","loc":[60.5,222.4]}],"name":"LegNodeL"},{"keyframes":[{"scale":[0.9997,0.9997],"ref":"sptLowerLeg","loc":[50.25,270.4],"pivot":[57.5,39.5],"duration":9,"skew":[0.0969,0.0969],"index":0},{"scale":[0.9997,0.9997],"ref":"sptLowerLeg","loc":[84.85,268.3],"pivot":[57.5,39.5],"duration":4,"skew":[-0.3919,-0.3919],"index":9},{"scale":[0.9992,0.9992],"ref":"sptLowerLeg","loc":[70.4,278.3],"pivot":[57.5,39.5],"duration":4,"skew":[0.0084,0.0084],"index":13},{"scale":[0.9997,0.9997],"ref":"sptLowerLeg","loc":[63.95,268.3],"pivot":[57.5,39.5],"duration":2,"skew":[-0.1222,-0.1222],"index":17},{"scale":[0.9992,0.9992],"ref":"sptLowerLeg","loc":[-24.7,272.7],"pivot":[57.5,39.5],"duration":2,"skew":[0.1229,0.1229],"index":19},{"scale":[0.9997,0.9997],"ref":"sptLowerLeg","loc":[-26,204.5],"pivot":[57.5,39.5],"duration":4,"skew":[0.437,0.437],"index":21},{"scale":[0.9994,0.9994],"ref":"sptLowerLeg","loc":[-192.8,196.25],"pivot":[57.5,39.5],"duration":8,"skew":[1.762,1.762],"index":25},{"scale":[0.9983,0.9983],"ref":"sptLowerLeg","loc":[-100.2,223.55],"pivot":[57.5,39.5],"duration":4,"skew":[0.6615,0.6615],"index":33},{"ref":"sptLowerLeg","loc":[-30.85,165.95],"pivot":[57.5,39.5],"duration":4,"skew":[0.1003,0.1003],"index":37},{"scale":[0.9997,0.9997],"ref":"sptLowerLeg","loc":[84.85,268.3],"pivot":[57.5,39.5],"duration":1,"skew":[-0.3919,-0.3919],"index":41}],"name":"LowerLegL"},{"keyframes":[{"scale":[0.9996,0.9996],"ref":"sptUpperLeg","loc":[49.221,199.2432],"pivot":[57.5,38.5],"duration":9,"skew":[-0.1318,-0.1318],"index":0},{"scale":[0.9996,0.9996],"ref":"sptUpperLeg","loc":[27.5812,181.0389],"pivot":[57.5,38.5],"duration":4,"skew":[-0.7206,-0.7206],"index":9},{"scale":[0.997,0.997],"ref":"sptUpperLeg","loc":[37.65,199],"pivot":[63.5,55.5],"duration":4,"skew":[-1.0855,-1.0855],"index":13},{"scale":[0.9995,0.9995],"ref":"sptUpperLeg","loc":[39.624,179.0556],"pivot":[57.55,38.6],"duration":2,"skew":[-0.4244,-0.4244],"index":17},{"scale":[0.9992,0.9992],"ref":"sptUpperLeg","loc":[0.5622,181.113],"pivot":[57.6,38.65],"duration":2,"skew":[0.3515,0.3515],"index":19},{"scale":[0.9996,0.9996],"ref":"sptUpperLeg","loc":[-3.2648,137.0835],"pivot":[57.5,38.55],"duration":4,"skew":[0.2083,0.2083],"index":21},{"scale":[0.9983,0.9983],"ref":"sptUpperLeg","loc":[-100.1715,169.5881],"pivot":[57.55,38.5],"duration":8,"skew":[0.7293,0.7293],"index":25},{"scale":[0.9991,0.9991],"ref":"sptUpperLeg","loc":[-59.3125,147.5313],"pivot":[57.5,38.45],"duration":4,"skew":[0.2712,0.2712],"index":33},{"scale":[0.9986,0.9986],"ref":"sptUpperLeg","loc":[-33.25,96.8],"pivot":[63.5,55.5],"duration":4,"skew":[-0.5343,-0.5343],"index":37},{"scale":[0.9996,0.9996],"ref":"sptUpperLeg","loc":[27.5812,181.0389],"pivot":[57.5,38.5],"duration":1,"skew":[-0.7206,-0.7206],"index":41}],"name":"UpperLegL"},{"keyframes":[{"duration":9,"pivot":[204.5,204],"index":0,"ref":"sptHead","loc":[24.15,-123.25]},{"ref":"sptHead","loc":[42.05,-136.15],"pivot":[204.5,204],"duration":3,"skew":[0.1174,0.1174],"index":9},{"scale":[0.9996,0.9996],"ref":"sptHead","loc":[83.5,-49.45],"pivot":[204.5,204],"duration":9,"skew":[0.1189,0.1189],"index":12},{"ref":"sptHead","loc":[70.05,-206.15],"pivot":[204.5,204],"duration":4,"skew":[0.1174,0.1174],"index":21},{"ref":"sptHead","loc":[30.05,-136.15],"pivot":[204.5,204],"duration":3,"skew":[0.1174,0.1174],"index":25},{"scale":[0.9996,0.9996],"ref":"sptHead","loc":[83.5,-49.45],"pivot":[204.5,204],"duration":9,"skew":[0.1189,0.1189],"index":28},{"ref":"sptHead","loc":[70.05,-206.15],"pivot":[204.5,204],"duration":4,"skew":[0.1174,0.1174],"index":37},{"ref":"sptHead","loc":[42.05,-136.15],"pivot":[204.5,204],"duration":1,"skew":[0.1174,0.1174],"index":41}],"name":"Head"},{"keyframes":[{"ref":"sptBody","loc":[15.2,113.95],"pivot":[214.5,156.5],"duration":9,"skew":[0.0387,0.0387],"index":0},{"ref":"sptBody","loc":[-37.5,92.5],"pivot":[214.5,156.5],"duration":3,"skew":[0.347,0.347],"index":9},{"scale":[0.9986,0.9986],"ref":"sptBody","loc":[-45.15,120.25],"pivot":[214.5,156.5],"duration":9,"skew":[0.6722,0.6722],"index":12},{"ref":"sptBody","loc":[-7.5,24.5],"pivot":[214.5,156.5],"duration":4,"skew":[0.347,0.347],"index":21},{"ref":"sptBody","loc":[-37.5,92.5],"pivot":[214.5,156.5],"duration":3,"skew":[0.347,0.347],"index":25},{"scale":[0.9986,0.9986],"ref":"sptBody","loc":[-45.15,120.25],"pivot":[214.5,156.5],"duration":9,"skew":[0.6722,0.6722],"index":28},{"ref":"sptBody","loc":[-7.5,24.5],"pivot":[214.5,156.5],"duration":4,"skew":[0.347,0.347],"index":37},{"ref":"sptBody","loc":[-37.5,92.5],"pivot":[214.5,156.5],"duration":1,"skew":[0.347,0.347],"index":41}],"name":"Body"},{"keyframes":[{"duration":9,"pivot":[100.5,67.5],"index":0,"ref":"sptFoot","loc":[-3.25,353.4]},{"ref":"sptFoot","loc":[-276.5,191.6],"pivot":[100.5,67.5],"duration":8,"skew":[1.9269,1.9269],"index":9},{"ref":"sptFoot","loc":[-141.7,301.55],"pivot":[100.5,67.5],"duration":4,"skew":[0.8112,0.8112],"index":17},{"duration":4,"pivot":[100.5,67.5],"index":21,"ref":"sptFoot","loc":[-3.25,249.4]},{"ref":"sptFoot","loc":[144.1,336],"pivot":[100.5,67.5],"duration":2,"skew":[-0.4092,-0.4092],"index":25},{"duration":2,"pivot":[100.5,67.5],"index":27,"ref":"sptFoot","loc":[127.65,353.15]},{"duration":4,"pivot":[100.5,67.5],"index":29,"ref":"sptFoot","loc":[106.5,353.25]},{"duration":2,"pivot":[100.5,67.5],"index":33,"ref":"sptFoot","loc":[79.1,353.4]},{"duration":2,"pivot":[100.5,67.5],"index":35,"ref":"sptFoot","loc":[-18.6,352.3]},{"ref":"sptFoot","loc":[-39.25,291.5],"pivot":[100.5,67.5],"duration":4,"skew":[0.8285,0.8285],"index":37},{"ref":"sptFoot","loc":[-276.5,191.6],"pivot":[100.5,67.5],"duration":1,"skew":[1.9269,1.9269],"index":41}],"name":"FootR"},{"keyframes":[{"duration":9,"pivot":[53.5,53],"index":0,"ref":"sptLegNode","loc":[-24.95,231.9]},{"ref":"sptLegNode","loc":[-124.7,183.35],"pivot":[53.5,53],"duration":8,"skew":[0.1782,0.1782],"index":9},{"ref":"sptLegNode","loc":[-72.7,183.9],"pivot":[53.5,53],"duration":4,"skew":[-0.2266,-0.2266],"index":17},{"duration":4,"pivot":[53.5,53],"index":21,"ref":"sptLegNode","loc":[-24.95,127.9]},{"duration":4,"pivot":[53.5,53],"index":25,"ref":"sptLegNode","loc":[62.5,221.9]},{"duration":4,"pivot":[53.5,53],"index":29,"ref":"sptLegNode","loc":[59.5,221.9]},{"duration":2,"pivot":[53.5,53],"index":33,"ref":"sptLegNode","loc":[56.5,221.9]},{"scale":[0.9995,0.9995],"ref":"sptLegNode","loc":[-20.4444,229.8761],"pivot":[51.55,53.45],"duration":2,"skew":[0.6241,0.6241],"index":35},{"ref":"sptLegNode","loc":[-9.9139,169.5047],"pivot":[53.45,53.5],"duration":4,"skew":[0.3401,0.3401],"index":37},{"ref":"sptLegNode","loc":[-124.7,183.35],"pivot":[53.5,53],"duration":1,"skew":[0.1782,0.1782],"index":41}],"name":"LegNodeR"},{"keyframes":[{"ref":"sptLowerLeg","loc":[-30.85,269.95],"pivot":[57.5,39.5],"duration":9,"skew":[0.1003,0.1003],"index":0},{"ref":"sptLowerLeg","loc":[-181.3,182.8],"pivot":[57.5,39.5],"duration":8,"skew":[1.6694,1.6694],"index":9},{"ref":"sptLowerLeg","loc":[-106.7,228.6],"pivot":[57.5,39.5],"duration":4,"skew":[0.7249,0.7249],"index":17},{"ref":"sptLowerLeg","loc":[-30.85,165.95],"pivot":[57.5,39.5],"duration":4,"skew":[0.1003,0.1003],"index":21},{"ref":"sptLowerLeg","loc":[84.85,268.3],"pivot":[57.5,39.5],"duration":4,"skew":[-0.3927,-0.3927],"index":25},{"scale":[0.9992,0.9992],"ref":"sptLowerLeg","loc":[70.4,278.3],"pivot":[57.5,39.5],"duration":4,"skew":[0.0084,0.0084],"index":29},{"ref":"sptLowerLeg","loc":[63.95,268.3],"pivot":[57.5,39.5],"duration":2,"skew":[-0.1222,-0.1222],"index":33},{"scale":[0.9992,0.9992],"ref":"sptLowerLeg","loc":[-24.7,272.7],"pivot":[57.5,39.5],"duration":2,"skew":[0.1229,0.1229],"index":35},{"scale":[0.9997,0.9997],"ref":"sptLowerLeg","loc":[-26,204.5],"pivot":[57.5,39.5],"duration":4,"skew":[0.437,0.437],"index":37},{"ref":"sptLowerLeg","loc":[-181.3,182.8],"pivot":[57.5,39.5],"duration":1,"skew":[1.6694,1.6694],"index":41}],"name":"LowerLegR"},{"keyframes":[{"ref":"sptUpperLeg","loc":[-20.95,215.45],"pivot":[63.5,55.5],"duration":9,"skew":[-0.1344,-0.1344],"index":0},{"ref":"sptUpperLeg","loc":[-101.05,177.1],"pivot":[63.5,55.5],"duration":8,"skew":[0.8495,0.8495],"index":9},{"scale":[0.9999,0.9999],"ref":"sptUpperLeg","loc":[-78.8,154.15],"pivot":[63.5,55.5],"duration":4,"skew":[-0.5367,-0.5367],"index":17},{"scale":[0.9986,0.9986],"ref":"sptUpperLeg","loc":[-33.25,96.8],"pivot":[63.5,55.5],"duration":4,"skew":[-0.5343,-0.5343],"index":21},{"scale":[0.9983,0.9983],"ref":"sptUpperLeg","loc":[43.3,189.85],"pivot":[63.5,55.5],"duration":4,"skew":[-0.7216,-0.7216],"index":25},{"scale":[0.997,0.997],"ref":"sptUpperLeg","loc":[37.65,199],"pivot":[63.5,55.5],"duration":4,"skew":[-1.0855,-1.0855],"index":29},{"scale":[0.9988,0.9988],"ref":"sptUpperLeg","loc":[56,192],"pivot":[63.5,55.5],"duration":2,"skew":[-0.424,-0.424],"index":33},{"scale":[0.9992,0.9992],"ref":"sptUpperLeg","loc":[0.5622,181.113],"pivot":[57.6,38.65],"duration":2,"skew":[0.3515,0.3515],"index":35},{"scale":[0.9996,0.9996],"ref":"sptUpperLeg","loc":[-3.2648,137.0835],"pivot":[57.5,38.55],"duration":4,"skew":[0.2083,0.2083],"index":37},{"ref":"sptUpperLeg","loc":[-101.05,177.1],"pivot":[63.5,55.5],"duration":1,"skew":[0.8495,0.8495],"index":41}],"name":"UpperLegR"},{"keyframes":[{"duration":9,"pivot":[41,40.5],"index":0,"ref":"sptArmNode","loc":[-29.5,66.35]},{"ref":"sptArmNode","loc":[187.9,73.15],"pivot":[41,40.5],"duration":2,"skew":[-0.4483,-0.4483],"index":9},{"scale":[0.9982,0.9982],"ref":"sptArmNode","loc":[131.9,126.55],"pivot":[41,40.5],"duration":2,"skew":[-0.2674,-0.2674],"index":11},{"scale":[0.9986,0.9986],"ref":"sptArmNode","loc":[97.05,120.1],"pivot":[41,40.5],"duration":4,"skew":[-0.3501,-0.3501],"index":13},{"scale":[0.9993,0.9993],"ref":"sptArmNode","loc":[44.5,78.75],"pivot":[41,40.5],"duration":4,"skew":[-0.2231,-0.2231],"index":17},{"duration":2,"pivot":[41,40.5],"index":21,"ref":"sptArmNode","loc":[-44.8,-14.7]},{"duration":2,"pivot":[41,40.5],"index":23,"ref":"sptArmNode","loc":[-143.75,-36.15]},{"duration":4,"pivot":[41,40.5],"index":25,"ref":"sptArmNode","loc":[-194.7,-81.65]},{"duration":4,"pivot":[41,40.5],"index":29,"ref":"sptArmNode","loc":[-172.65,-24.4]},{"duration":2,"pivot":[41,40.5],"index":33,"ref":"sptArmNode","loc":[-125.5,-8.7]},{"duration":2,"pivot":[41,40.5],"index":35,"ref":"sptArmNode","loc":[-87.95,9.8]},{"duration":2,"pivot":[41,40.5],"index":37,"ref":"sptArmNode","loc":[-25.95,-7.25]},{"scale":[0.9993,0.9993],"ref":"sptArmNode","loc":[83.3,47.9],"pivot":[41,40.5],"duration":2,"skew":[-0.2231,-0.2231],"index":39},{"ref":"sptArmNode","loc":[187.9,73.15],"pivot":[41,40.5],"duration":1,"skew":[-0.4483,-0.4483],"index":41}],"name":"ArmNodeR"},{"keyframes":[{"ref":"sptHand","loc":[24.15,197.65],"pivot":[63.5,64],"duration":9,"skew":[1.7717,1.7717],"index":0},{"ref":"sptHand","loc":[307.4,-5.3],"pivot":[63.5,64],"duration":2,"skew":[-0.8456,-0.8456],"index":9},{"scale":[0.9977,0.9977],"ref":"sptHand","loc":[262.85,101.6],"pivot":[63.5,64],"duration":2,"skew":[-0.4773,-0.4773],"index":11},{"scale":[0.9985,0.9985],"ref":"sptHand","loc":[230.65,115.05],"pivot":[63.5,64],"duration":4,"skew":[-0.3709,-0.3709],"index":13},{"scale":[0.9987,0.9987],"ref":"sptHand","loc":[176.65,125.55],"pivot":[63.5,64],"duration":4,"skew":[-0.09,-0.09],"index":17},{"ref":"sptHand","loc":[6.85,112.6],"pivot":[63.5,64],"duration":2,"skew":[1.7717,1.7717],"index":21},{"scale":[0.9982,0.9982],"ref":"sptHand","loc":[-177.7,86.75],"pivot":[63.5,64],"duration":2,"skew":[1.9467,1.9467],"index":23},{"scale":[0.9985,0.9985],"ref":"sptHand","loc":[-295,17.25],"pivot":[63.5,64],"duration":4,"skew":[2.1223,2.1223],"index":25},{"scale":[0.9983,0.9983],"ref":"sptHand","loc":[-203.5,113.35],"pivot":[63.5,64],"duration":4,"skew":[1.2817,1.2817],"index":29},{"scale":[0.9998,0.9998],"ref":"sptHand","loc":[-101.85,127.2],"pivot":[63.5,64],"duration":2,"skew":[0.4363,0.4363],"index":33},{"scale":[0.9991,0.9991],"ref":"sptHand","loc":[0.35,114.55],"pivot":[63.5,64],"duration":2,"skew":[-0.3507,-0.3507],"index":35},{"scale":[0.9998,0.9998],"ref":"sptHand","loc":[91.2,61.75],"pivot":[63.5,64],"duration":2,"skew":[0.018,0.018],"index":37},{"scale":[0.9987,0.9987],"ref":"sptHand","loc":[227.3,38.25],"pivot":[63.5,64],"duration":2,"skew":[-0.4116,-0.4116],"index":39},{"ref":"sptHand","loc":[307.4,-5.3],"pivot":[63.5,64],"duration":1,"skew":[-0.8456,-0.8456],"index":41}],"name":"HandR"},{"keyframes":[{"ref":"sptLowerArm","loc":[-3.05,124.6],"pivot":[50.5,54.5],"duration":9,"skew":[-0.3918,-0.3918],"index":0},{"ref":"sptLowerArm","loc":[244.1,38.7],"pivot":[50.5,54.5],"duration":2,"skew":[-2.2346,-2.2346],"index":9},{"scale":[0.9982,0.9982],"ref":"sptLowerArm","loc":[190.75,116],"pivot":[50.5,54.5],"duration":2,"skew":[-1.8247,-1.8247],"index":11},{"scale":[0.9987,0.9987],"ref":"sptLowerArm","loc":[154.65,118.3],"pivot":[50.5,54.5],"duration":4,"skew":[-1.6761,-1.6761],"index":13},{"scale":[0.9992,0.9992],"ref":"sptLowerArm","loc":[97.9,102.55],"pivot":[50.5,54.5],"duration":4,"skew":[-1.3131,-1.3131],"index":17},{"ref":"sptLowerArm","loc":[-24.35,41.55],"pivot":[50.5,54.5],"duration":2,"skew":[-0.3918,-0.3918],"index":21},{"scale":[0.9987,0.9987],"ref":"sptLowerArm","loc":[-153.55,18.4],"pivot":[50.5,54.5],"duration":2,"skew":[0.1619,0.1619],"index":23},{"scale":[0.9983,0.9983],"ref":"sptLowerArm","loc":[-250.8,-40.7],"pivot":[50.5,54.5],"duration":4,"skew":[0.7174,0.7174],"index":25},{"scale":[0.998,0.998],"ref":"sptLowerArm","loc":[-201.45,35.4],"pivot":[50.5,54.5],"duration":4,"skew":[0.2627,0.2627],"index":29},{"scale":[0.9994,0.9994],"ref":"sptLowerArm","loc":[-126.55,57.8],"pivot":[50.5,54.5],"duration":2,"skew":[-0.1884,-0.1884],"index":33},{"scale":[0.9973,0.9973],"ref":"sptLowerArm","loc":[-60.9,64.1],"pivot":[50.5,54.5],"duration":2,"skew":[-0.5867,-0.5867],"index":35},{"scale":[0.9982,0.9982],"ref":"sptLowerArm","loc":[19.5,32.25],"pivot":[50.5,54.5],"duration":2,"skew":[-0.9887,-0.9887],"index":37},{"scale":[0.9989,0.9989],"ref":"sptLowerArm","loc":[149.85,51.5],"pivot":[50.5,54.5],"duration":2,"skew":[-1.6104,-1.6104],"index":39},{"ref":"sptLowerArm","loc":[244.1,38.7],"pivot":[50.5,54.5],"duration":1,"skew":[-2.2346,-2.2346],"index":41}],"name":"LowerArmR"},{"keyframes":[{"ref":"sptUpperArm","loc":[7,8.95],"pivot":[64.5,76.5],"duration":9,"skew":[0.5533,0.5533],"index":0},{"ref":"sptUpperArm","loc":[116.65,23.4],"pivot":[64.5,76.5],"duration":2,"skew":[-0.8978,-0.8978],"index":9},{"scale":[0.9974,0.9974],"ref":"sptUpperArm","loc":[80.4,59.75],"pivot":[64.5,76.5],"duration":2,"skew":[-0.6126,-0.6126],"index":11},{"scale":[0.9982,0.9982],"ref":"sptUpperArm","loc":[48.65,50.85],"pivot":[64.5,76.5],"duration":4,"skew":[-0.5861,-0.5861],"index":13},{"scale":[0.9994,0.9994],"ref":"sptUpperArm","loc":[23.2,3.4],"pivot":[64.5,76.5],"duration":4,"skew":[-0.1708,-0.1708],"index":17},{"ref":"sptUpperArm","loc":[-10.3,-82.1],"pivot":[64.5,76.5],"duration":2,"skew":[0.5533,0.5533],"index":21},{"scale":[0.9985,0.9985],"ref":"sptUpperArm","loc":[-65.35,-63.25],"pivot":[64.5,76.5],"duration":2,"skew":[1.3477,1.3477],"index":23},{"scale":[0.9985,0.9985],"ref":"sptUpperArm","loc":[-120.55,-44.35],"pivot":[64.5,76.5],"duration":4,"skew":[2.1399,2.1399],"index":25},{"scale":[0.9973,0.9973],"ref":"sptUpperArm","loc":[-99.55,-28.55],"pivot":[64.5,76.5],"duration":4,"skew":[1.5485,1.5485],"index":29},{"scale":[0.9963,0.9963],"ref":"sptUpperArm","loc":[-65.25,-50.2],"pivot":[64.5,76.5],"duration":2,"skew":[0.9543,0.9543],"index":33},{"scale":[0.9953,0.9953],"ref":"sptUpperArm","loc":[-48,-62.25],"pivot":[64.5,76.5],"duration":2,"skew":[0.5999,0.5999],"index":35},{"scale":[0.9973,0.9973],"ref":"sptUpperArm","loc":[-17.25,-83.85],"pivot":[64.5,76.5],"duration":2,"skew":[0.2498,0.2498],"index":37},{"scale":[0.9976,0.9976],"ref":"sptUpperArm","loc":[49.8,-30.25],"pivot":[64.5,76.5],"duration":2,"skew":[-0.3235,-0.3235],"index":39},{"ref":"sptUpperArm","loc":[116.65,23.4],"pivot":[64.5,76.5],"duration":1,"skew":[-0.8978,-0.8978],"index":41}],"name":"UpperArmR"},{"keyframes":[{"ref":"~Tween 1","loc":[123.5,399.8],"tweened":false,"duration":11,"alpha":0,"index":0},{"duration":2,"index":11,"ref":"~Tween 1","loc":[123.5,399.8]},{"duration":4,"index":13,"ref":"~Tween 2","loc":[91.05,376.45]},{"scale":[1.1523,1.1523],"ref":"~Tween 2","loc":[59.05,371.45],"tweened":false,"duration":10,"alpha":0,"index":17},{"duration":2,"index":27,"ref":"~Tween 1","loc":[101.5,399.8]},{"duration":4,"index":29,"ref":"~Tween 2","loc":[87.05,376.45]},{"scale":[1.1523,1.1523],"ref":"~Tween 2","loc":[49.05,373.45],"tweened":false,"duration":9,"alpha":0,"index":33}],"name":"dust"},{"keyframes":[{"duration":9,"index":0,"label":"idle"},{"duration":32,"index":9,"label":"walk"},{"duration":1,"index":41}],"name":"states"}],"id":"AnimRobot"},{"layers":[{"keyframes":[{"duration":1,"tweened":false,"index":0,"ref":"sector01","loc":[0,64.7]}],"name":"sector01"},{"keyframes":[{"duration":1,"tweened":false,"index":0,"ref":"sector02","loc":[5118.1,55.45]}],"name":"sector02"},{"keyframes":[{"ref":"sector01","loc":[11666.85,966.7],"tweened":false,"duration":1,"index":0,"pivot":[2346,902]}],"name":"sector03"},{"keyframes":[{"duration":1,"tweened":false,"index":0,"ref":"sector01","loc":[14529.1,64.7]}],"name":"sector04"},{"keyframes":[{"ref":"sector01","loc":[39018.5,64.7],"tweened":false,"duration":1,"skew":[0,3.1416],"index":0}],"name":"sector05"},{"keyframes":[{"ref":"sector02","loc":[31071.4,1918.45],"pivot":[2829,1863],"duration":1,"skew":[0,3.1416],"index":0,"tweened":false}],"name":"sector06"},{"keyframes":[{"ref":"sector01","loc":[29697.65,64.7],"tweened":false,"duration":1,"skew":[0,3.1416],"index":0}],"name":"sector07"},{"keyframes":[{"ref":"sector01","loc":[24489.4,64.7],"tweened":false,"duration":1,"skew":[0,3.1416],"index":0}],"name":"sector08"},{"keyframes":[{"scale":[0.4,0.4],"ref":"AnimRobot","loc":[134.05,888.5],"tweened":false,"duration":1,"index":0,"customData":{"Character":true,"$speed":12,"TouchInput":true,"$jumpHeight":18,"$slideSpeed":0.75,"$friction":0.75}}],"name":"player"}],"id":"Scene"},{"layers":[{"keyframes":[{"scale":[0.9637,1],"ref":"~wrapperPlatform01_Sec01","loc":[0,994],"tweened":false,"duration":1,"index":0,"customData":{"$topCollideOnly":true,"Platform":true}}],"name":"platform01_Sec01"},{"keyframes":[{"scale":[1.0606,1],"ref":"~wrapperPlatform02_Sec01","loc":[1351.85,994],"tweened":false,"duration":1,"index":0,"customData":{"$topCollideOnly":true,"Platform":true}}],"name":"platform02_Sec01"},{"keyframes":[{"ref":"~wrapperPlatform03_Sec01","loc":[2622,810],"tweened":false,"duration":1,"index":0,"customData":{"$topCollideOnly":true,"Platform":true}}],"name":"platform03_Sec01"},{"keyframes":[{"ref":"~wrapperPlatform04_Sec01","loc":[4278,626],"tweened":false,"duration":1,"index":0,"customData":{"$topCollideOnly":true,"Platform":true}}],"name":"platform04_Sec01"}],"id":"sector01"},{"layers":[{"keyframes":[{"scale":[1,0.8258],"ref":"~wrapperPlatform01a_Sec02","loc":[690,427.5],"tweened":false,"duration":1,"index":0,"customData":{"$topCollideOnly":true,"Platform":true}}],"name":"platform01a_Sec02"},{"keyframes":[{"scale":[1,0.7824],"ref":"~wrapperPlatform01b_Sec02","loc":[1932,179.5],"tweened":false,"duration":1,"index":0,"customData":{"$topCollideOnly":true,"Platform":true}}],"name":"platform01b_Sec02"},{"keyframes":[{"scale":[1.4065,0.6345],"ref":"~warpperplatform01c_Sec02","loc":[6485.65,603.55],"tweened":false,"duration":1,"index":0,"customData":{"$topCollideOnly":true,"Platform":true}}],"name":"warpperplatform01c_Sec02"},{"keyframes":[{"scale":[1,0.9654],"ref":"~warpperplatform01c_Sec02","loc":[5195.75,299.05],"tweened":false,"duration":1,"index":0,"customData":{"$topCollideOnly":true,"Platform":true}}],"name":"warpperplatform01c_Sec02"},{"keyframes":[{"scale":[1,1.3832],"ref":"~warpperplatform01c_Sec02","loc":[4002,-85.3],"tweened":false,"duration":1,"index":0,"customData":{"$topCollideOnly":true,"Platform":true}}],"name":"platform01c_Sec02"},{"keyframes":[{"scale":[1.1451,1],"ref":"~wrapperPlatform02_Sec02","loc":[414,819.25],"tweened":false,"duration":1,"index":0,"customData":{"$topCollideOnly":true,"Platform":true}}],"name":"wrapperPlatform02_Sec02"},{"keyframes":[{"scale":[0.9929,1],"ref":"~wrapperPlatform02_Sec02","loc":[2070,819.25],"tweened":false,"duration":1,"index":0,"customData":{"$topCollideOnly":true,"Platform":true}}],"name":"platform02_Sec02"},{"keyframes":[{"ref":"~wrapperPlatform03_Sec02","loc":[-5.9,635.25],"tweened":false,"duration":1,"index":0,"customData":{"$topCollideOnly":true,"Platform":true}}],"name":"wrapperPlatform03_Sec02"},{"keyframes":[{"ref":"~wrapperPlatform03_Sec02","loc":[3312,635.25],"tweened":false,"duration":1,"index":0,"customData":{"$topCollideOnly":true,"Platform":true}}],"name":"platform03_Sec02"}],"id":"sector02"},{"layers":[{"keyframes":[{"scale":[0.3083,0.3083],"ref":"sptDust","loc":[98.6,2.25],"pivot":[9.05,9.05],"duration":1,"alpha":0.6719,"index":0,"tweened":false}],"name":"sptDust02"},{"keyframes":[{"scale":[0.558,0.558],"ref":"sptDust","loc":[-96.3,0],"pivot":[9.05,9.05],"duration":1,"alpha":0.5508,"index":0,"tweened":false}],"name":"sptDust01"}],"id":"~Tween 1"},{"layers":[{"keyframes":[{"scale":[0.558,0.558],"ref":"sptDust","loc":[120.55,21.05],"pivot":[9.05,9.05],"duration":1,"index":0,"tweened":false}],"name":"sptDust04"},{"keyframes":[{"scale":[1.0035,1.0035],"ref":"sptDust","loc":[148.15,-5.1],"pivot":[9.05,9.05],"duration":1,"index":0,"tweened":false}],"name":"sptDust03"},{"keyframes":[{"scale":[1.442,1.442],"ref":"sptDust","loc":[-144.2,-13.05],"pivot":[9.05,9.05],"duration":1,"index":0,"tweened":false}],"name":"sptDust02"},{"keyframes":[{"ref":"sptDust","loc":[-99.85,13.05],"tweened":false,"duration":1,"index":0,"pivot":[9.05,9.05]}],"name":"sptDust01"}],"id":"~Tween 2"},{"layers":[{"keyframes":[{"ref":"platform01c_Sec02","loc":[414,460],"tweened":false,"duration":1,"index":0,"pivot":[414,460]}],"name":"Layer 1"}],"id":"~warpperplatform01c_Sec02"},{"layers":[{"keyframes":[{"ref":"platform01_Sec01","loc":[414,92],"tweened":false,"duration":1,"index":0,"pivot":[414,92]}],"name":"Layer 1"}],"id":"~wrapperPlatform01_Sec01"},{"layers":[{"keyframes":[{"ref":"platform01a_Sec02","loc":[414,460],"tweened":false,"duration":1,"index":0,"pivot":[414,460]}],"name":"Layer 1"}],"id":"~wrapperPlatform01a_Sec02"},{"layers":[{"keyframes":[{"ref":"platform01b_Sec02","loc":[828,644],"tweened":false,"duration":1,"index":0,"pivot":[828,644]}],"name":"Layer 1"}],"id":"~wrapperPlatform01b_Sec02"},{"layers":[{"keyframes":[{"ref":"platform02_Sec01","loc":[414,92],"tweened":false,"duration":1,"index":0,"pivot":[414,92]}],"name":"Layer 1"}],"id":"~wrapperPlatform02_Sec01"},{"layers":[{"keyframes":[{"ref":"platform02_Sec02","loc":[414,184],"tweened":false,"duration":1,"index":0,"pivot":[414,184]}],"name":"Layer 1"}],"id":"~wrapperPlatform02_Sec02"},{"layers":[{"keyframes":[{"ref":"platform03_Sec01","loc":[414,184],"tweened":false,"duration":1,"index":0,"pivot":[414,184]}],"name":"Layer 1"}],"id":"~wrapperPlatform03_Sec01"},{"layers":[{"keyframes":[{"ref":"platform03_Sec02","loc":[207,276],"tweened":false,"duration":1,"index":0,"pivot":[207,276]}],"name":"Layer 1"}],"id":"~wrapperPlatform03_Sec02"},{"layers":[{"keyframes":[{"ref":"platform04_Sec01","loc":[207,276],"tweened":false,"duration":1,"index":0,"pivot":[207,276]}],"name":"Layer 1"}],"id":"~wrapperPlatform04_Sec01"}],"textureGroups":[{"scaleFactor":1,"atlases":[{"textures":[{"symbol":"platform01b_Sec02","origin":[0,0],"rect":[1,1,1656,1288]},{"symbol":"platform01_Sec02","origin":[0,0],"rect":[1,1291,1242,552]},{"symbol":"platform04_Sec01","origin":[0,0],"rect":[1245,1291,414,552]},{"symbol":"platform02_Sec01","origin":[0,0],"rect":[1,1845,828,184]},{"symbol":"platform01_Sec01","origin":[0,0],"rect":[832,1845,828,184]},{"symbol":"sptBG02","origin":[0,0],"rect":[1659,1,337,221]},{"symbol":"sptBG01","origin":[0,0],"rect":[1659,224,299,218]},{"symbol":"playerStaticPlaceholder","origin":[82.5,91.5],"rect":[1659,444,165,183]},{"symbol":"sptFoot","origin":[100.5,67.5],"rect":[1826,444,201,135]},{"symbol":"sptUpperArm","origin":[64.5,76.5],"rect":[1826,581,126,150]},{"symbol":"sptHand","origin":[63.5,64],"rect":[1659,629,127,128]},{"symbol":"sptLegNode","origin":[53.5,53],"rect":[1788,733,107,107]},{"symbol":"sptLowerArm","origin":[50.5,54.5],"rect":[1897,733,101,92]},{"symbol":"sptLowerLeg","origin":[57.5,39.5],"rect":[1659,759,115,79]},{"symbol":"sptUpperLeg","origin":[63.5,55.5],"rect":[1897,827,115,77]},{"symbol":"sptArmNode","origin":[41,40.5],"rect":[1960,224,81,81]},{"symbol":"sptDust","origin":[9.05,9.05],"rect":[1998,1,18,18]}],"file":"atlas0.png"},{"textures":[{"symbol":"platform01a_Sec02","origin":[0,0],"rect":[1,1,828,920]},{"symbol":"platform01c_Sec02","origin":[0,0],"rect":[832,1,828,920]},{"symbol":"platform03_Sec01","origin":[0,0],"rect":[1,923,828,368]},{"symbol":"platform02_Sec02","origin":[0,0],"rect":[832,923,828,368]},{"symbol":"platform03_Sec02","origin":[0,0],"rect":[1,1293,414,552]},{"symbol":"sptHead","origin":[204.5,204],"rect":[417,1293,409,408]},{"symbol":"sptBody","origin":[214.5,156.5],"rect":[828,1293,433,263]}],"file":"atlas1.png"}]}],"md5":"0a911b59de1dca05d063a4e3fed0ee13"}