{"md5":"0ec8254a8981a8e2e4a5e7d5c4676ae4","textureGroups":[{"scaleFactor":1,"atlases":[{"textures":[{"origin":[0.5,0.5],"rect":[1,1,208,56],"symbol":"ButtonStartGraph"},{"origin":[0.5,0.5],"rect":[1,59,63,63],"symbol":"CrossGraphic"},{"origin":[0,0],"rect":[66,59,48,48],"symbol":"BlueBrick"},{"origin":[0.05,0.05],"rect":[211,1,36,36],"symbol":"BrickGraphic"},{"origin":[3.45,3.4],"rect":[211,39,35,35],"symbol":"CloseButtonGraphic"},{"origin":[0,0],"rect":[116,59,10,10],"symbol":"Placeholder"}],"file":"atlas0.png"}]}],"frameRate":24,"movies":[{"layers":[{"name":"bg","keyframes":[{"duration":37,"ref":"ButtonStartGraph","index":0,"tweened":false,"pivot":[0.5,0.5]}]},{"name":"startGame","keyframes":[{"duration":37,"loc":[8.5,7.5],"customData":{"label":"Start game","type":"static","fontFamily":"Courier","fontSize":24,"color":"#FFFFFF"},"ref":"Text","index":0,"tweened":false}]}],"id":"ButtonStart"},{"layers":[{"name":"Layer 1","keyframes":[{"duration":9,"loc":[0.05,0],"ref":"CloseButtonGraphic","index":0,"tweened":false,"pivot":[3.45,3.4]},{"duration":10,"loc":[2.05,2],"scale":[0.8587,0.8587],"ref":"CloseButtonGraphic","index":9,"tweened":false,"pivot":[3.45,3.4]},{"duration":10,"loc":[0.05,0],"ref":"CloseButtonGraphic","index":19,"tweened":false,"pivot":[3.45,3.4]},{"duration":11,"loc":[0.05,0],"ref":"CloseButtonGraphic","index":29,"tweened":false,"pivot":[3.45,3.4]}]},{"name":"label","keyframes":[{"label":"out","duration":9,"index":0},{"label":"over","duration":10,"index":9},{"label":"down","duration":10,"index":19},{"label":"up","duration":11,"index":29}]}],"id":"CloseButton"},{"layers":[{"name":"Layer 1","keyframes":[{"duration":1,"ref":"CrossGraphic","index":0,"tweened":false,"pivot":[0.5,0.5]}]}],"id":"CrossButton"},{"layers":[{"name":"Layer 1","keyframes":[{"duration":1,"ref":"Placeholder","index":0,"scale":[37.9965,26.688],"tweened":false}]}],"id":"Feathers_List"},{"layers":[{"name":"Layer 1","keyframes":[{"duration":1,"ref":"BlueBrick","index":0,"tweened":false}]}],"scale9Grid":"(x=12.1, y=12.1, w=24.299999999999997, h=24.299999999999997)","id":"Feathers_Scale9Image"},{"layers":[{"name":"startButton","keyframes":[{"duration":1,"ref":"ButtonStart","index":0,"loc":[87,287.95],"tweened":false}]},{"name":"listWrapper","keyframes":[{"duration":1,"ref":"SceneList","index":0,"tweened":false}]},{"name":"crossButton","keyframes":[{"duration":1,"loc":[348.95,235.9],"ref":"CrossButton","index":0,"tweened":false,"pivot":[31,31]}]}],"id":"MainUI"},{"layers":[{"name":"Layer 1","keyframes":[{"duration":1,"scale":[16.1111,6.6667],"ref":"BrickGraphic","index":0,"tweened":false,"pivot":[0.05,0.05]}]},{"name":"input","keyframes":[{"duration":1,"loc":[34.95,36],"scale":[2.6796,1],"ref":"Text","index":0,"tweened":false,"customData":{"label":"Input path","type":"input","fontFamily":"Courier","fontSize":20,"color":"#FFFFFF"}}]},{"name":"button","keyframes":[{"duration":1,"ref":"~ButtonSave","index":0,"loc":[182.45,150.5],"tweened":false}]},{"name":"closeButton","keyframes":[{"duration":1,"loc":[548.7,3.7],"customData":{"generator":"Button"},"ref":"CloseButton","index":0,"tweened":false}]}],"id":"PopupAddRoot"},{"layers":[{"name":"list","keyframes":[{"duration":1,"ref":"Feathers_List","index":0,"tweened":false}]}],"id":"SceneList"},{"layers":[{"name":"Layer 1","keyframes":[{"duration":1,"ref":"Placeholder","index":0,"scale":[19,4],"tweened":false}]}],"id":"Text"},{"layers":[{"name":"Layer 1","keyframes":[{"duration":1,"ref":"ButtonStartGraph","index":0,"tweened":false,"pivot":[0.5,0.5]}]},{"name":"Layer 2","keyframes":[{"duration":1,"loc":[8.5,7.5],"customData":{"label":"Save","type":"static","fontFamily":"Courier","fontSize":24,"color":"#FFFFFF"},"ref":"Text","index":0,"tweened":false}]}],"id":"~ButtonSave"}]}