{"frameRate":24,"md5":"419e26960e2a518b114a8d86243d63e5","movies":[{"layers":[{"keyframes":[{"duration":37,"ref":"ButtonStartGraph","tweened":false,"index":0,"pivot":[0.5,0.5]}],"name":"bg"},{"keyframes":[{"customData":{"label":"Start Game","fontSize":0},"ref":"Text","loc":[8.5,7.5],"duration":19,"tweened":false,"index":0},{"customData":{"label":"End Game","fontSize":0},"ref":"Text","loc":[8.5,7.5],"duration":18,"tweened":false,"index":19}],"name":"start game<OCR A Std,24,0xffcc33>"}],"id":"ButtonStart"},{"layers":[{"keyframes":[{"duration":1,"ref":"Placeholder","tweened":false,"index":0,"scale":[37.9965,26.688]}],"name":"Layer 1"}],"id":"Feathers_List"},{"id":"Feathers_Scale9Image","scale9Grid":"(x=12.1, y=12.1, w=24.299999999999997, h=24.299999999999997)","layers":[{"keyframes":[{"duration":1,"ref":"BlueBrick","tweened":false,"index":0}],"name":"Layer 1"}]},{"layers":[{"keyframes":[{"loc":[87,287.95],"duration":1,"ref":"ButtonStart","tweened":false,"index":0}],"name":"startButton"},{"keyframes":[{"duration":1,"ref":"SceneList","tweened":false,"index":0}],"name":"listWrapper"},{"keyframes":[{"index":0,"duration":1}],"name":"Layer 2"}],"id":"MainUI"},{"layers":[{"keyframes":[{"duration":1,"ref":"Feathers_List","tweened":false,"index":0}],"name":"list"}],"id":"SceneList"},{"layers":[{"keyframes":[{"duration":1,"ref":"Placeholder","tweened":false,"index":0,"scale":[19,4]}],"name":"Layer 1"}],"id":"Text"}],"textureGroups":[{"atlases":[{"textures":[{"origin":[0.5,0.5],"symbol":"ButtonStartGraph","rect":[1,1,208,56]},{"origin":[0,0],"symbol":"Placeholder","rect":[211,1,10,10]}],"file":"atlas0.png"},{"textures":[{"origin":[0,0],"symbol":"BlueBrick","rect":[1,1,48,48]}],"file":"atlas1.png"}],"scaleFactor":1}]}