{"movies":[{"layers":[{"name":"bg","keyframes":[{"tweened":false,"pivot":[0.5,0.5],"index":0,"duration":37,"ref":"ButtonStartGraph"}]},{"name":"startGame","keyframes":[{"tweened":false,"duration":37,"customData":{"label":"Start game","type":"static","fontFamily":"Courier","fontSize":24,"color":"#FFFFFF"},"index":0,"ref":"Text","loc":[8.5,7.5]}]}],"id":"ButtonStart"},{"layers":[{"name":"Layer 1","keyframes":[{"tweened":false,"pivot":[0.5,0.5],"index":0,"duration":1,"ref":"CrossGraphic"}]}],"id":"CrossButton"},{"layers":[{"name":"Layer 1","keyframes":[{"tweened":false,"index":0,"duration":1,"ref":"Placeholder","scale":[37.9965,26.688]}]}],"id":"Feathers_List"},{"scale9Grid":"(x=12.1, y=12.1, w=24.299999999999997, h=24.299999999999997)","layers":[{"name":"Layer 1","keyframes":[{"tweened":false,"index":0,"duration":1,"ref":"BlueBrick"}]}],"id":"Feathers_Scale9Image"},{"layers":[{"name":"startButton","keyframes":[{"tweened":false,"index":0,"duration":1,"ref":"ButtonStart","loc":[87,287.95]}]},{"name":"listWrapper","keyframes":[{"tweened":false,"index":0,"duration":1,"ref":"SceneList"}]},{"name":"crossButton","keyframes":[{"tweened":false,"pivot":[31,31],"duration":1,"index":0,"ref":"CrossButton","loc":[348.95,235.9]}]}],"id":"MainUI"},{"layers":[{"name":"Layer 1","keyframes":[{"tweened":false,"pivot":[0.05,0.05],"scale":[16.1111,6.6667],"duration":1,"index":0,"ref":"BrickGraphic"}]},{"name":"input","keyframes":[{"tweened":false,"scale":[2.6796,1],"duration":1,"customData":{"label":"Input path","type":"input","fontFamily":"Courier","fontSize":20,"color":"#FFFFFF"},"index":0,"ref":"Text","loc":[34.95,36]}]},{"name":"button","keyframes":[{"tweened":false,"index":0,"duration":1,"ref":"~ButtonSave","loc":[182.45,150.5]}]}],"id":"PopupAddRoot"},{"layers":[{"name":"list","keyframes":[{"tweened":false,"index":0,"duration":1,"ref":"Feathers_List"}]}],"id":"SceneList"},{"layers":[{"name":"Layer 1","keyframes":[{"tweened":false,"index":0,"duration":1,"ref":"Placeholder","scale":[19,4]}]}],"id":"Text"},{"layers":[{"name":"Layer 1","keyframes":[{"tweened":false,"pivot":[0.5,0.5],"index":0,"duration":1,"ref":"ButtonStartGraph"}]},{"name":"Layer 2","keyframes":[{"tweened":false,"duration":1,"customData":{"label":"Save","type":"static","fontFamily":"Courier","fontSize":24,"color":"#FFFFFF"},"index":0,"ref":"Text","loc":[8.5,7.5]}]}],"id":"~ButtonSave"}],"md5":"e01ee750bd40dfdccca83b0c55bd330a","textureGroups":[{"scaleFactor":1,"atlases":[{"textures":[{"symbol":"ButtonStartGraph","origin":[0.5,0.5],"rect":[1,1,208,56]},{"symbol":"CrossGraphic","origin":[0.5,0.5],"rect":[1,59,63,63]},{"symbol":"BlueBrick","origin":[0,0],"rect":[66,59,48,48]},{"symbol":"BrickGraphic","origin":[0.05,0.05],"rect":[211,1,36,36]},{"symbol":"Placeholder","origin":[0,0],"rect":[211,39,10,10]}],"file":"atlas0.png"}]}],"frameRate":24}