{"frameRate":24,"movies":[{"layers":[{"keyframes":[{"ref":"ButtonStartGraph","tweened":false,"index":0,"duration":1,"pivot":[0.5,0.5]}],"name":"bg"},{"keyframes":[{"ref":"Text","tweened":false,"loc":[9,8],"index":0,"duration":1}],"name":"start game<OCR A Std,24,0xffcc33>"}],"id":"ButtonStart"},{"layers":[{"keyframes":[{"ref":"Placeholder","tweened":false,"index":0,"scale":[37.9965,26.688],"duration":1}],"name":"Layer 1"}],"id":"Feathers_List"},{"layers":[{"keyframes":[{"ref":"BlueBrick","tweened":false,"index":0,"duration":1}],"name":"Layer 1"}],"scale9Grid":"(x=12.1, y=12.1, w=24.299999999999997, h=24.299999999999997)","id":"Feathers_Scale9Image"},{"layers":[{"keyframes":[{"ref":"ButtonStart","tweened":false,"loc":[87,287.95],"index":0,"duration":1}],"name":"startButton"},{"keyframes":[{"ref":"SceneList","tweened":false,"index":0,"duration":1}],"name":"listWrapper"},{"keyframes":[{"loc":[78.75,357.7],"scale":[2.6897,2.6897],"duration":1,"ref":"Feathers_Scale9Image","tweened":false,"index":0}],"name":"Layer 2"}],"id":"MainUI"},{"layers":[{"keyframes":[{"ref":"Feathers_List","tweened":false,"index":0,"duration":1}],"name":"list"}],"id":"SceneList"},{"layers":[{"keyframes":[{"ref":"Placeholder","tweened":false,"index":0,"scale":[19,4],"duration":1}],"name":"Layer 1"}],"id":"Text"}],"textureGroups":[{"atlases":[{"textures":[{"rect":[1,1,208,56],"origin":[0.5,0.5],"symbol":"ButtonStartGraph"},{"rect":[211,1,10,10],"origin":[0,0],"symbol":"Placeholder"}],"file":"atlas0.png"},{"textures":[{"rect":[1,1,48,48],"origin":[0,0],"symbol":"BlueBrick"}],"file":"atlas1.png"}],"scaleFactor":1}],"md5":"37ed66c3099b8c6491fca47936b021b6"}