{"textureGroups":[{"atlases":[{"file":"atlas0.png","textures":[{"symbol":"PlatformGraph","rect":[1,1,325,18],"origin":[0,0]},{"symbol":"CockGraph","rect":[328,1,67,86],"origin":[0.5,0.5]}]}],"scaleFactor":1}],"md5":"742fb241c6141297c44449f8d2a3251a","frameRate":24,"movies":[{"layers":[{"keyframes":[{"duration":1,"ref":"CockGraph","loc":[33,42.5],"tweened":false,"index":0,"pivot":[33.5,43]}],"name":"Layer 1"}],"id":"Cock"},{"layers":[{"keyframes":[{"duration":1,"ref":"PlatformGraph","loc":[146.4,13.95],"tweened":false,"index":0,"pivot":[146.4,13.95]}],"name":"Layer 1"}],"id":"Platform"},{"layers":[{"keyframes":[{"duration":1,"index":0,"loc":[0,703],"tweened":false,"scale":[2.0621,1],"ref":"Platform"}],"name":"platform1"},{"keyframes":[{"duration":1,"tweened":false,"index":0,"ref":"Platform","loc":[346.1,576]}],"name":"platform3"},{"keyframes":[{"duration":1,"tweened":false,"index":0,"ref":"Platform","loc":[526.05,423]}],"name":"Layer 4"},{"keyframes":[{"duration":1,"tweened":false,"index":0,"ref":"Platform","loc":[232.2,331]}],"name":"Layer 5"},{"keyframes":[{"duration":1,"tweened":false,"index":0,"ref":"Cock","loc":[150.95,518]}],"name":"cock"}],"id":"Scene1"},{"layers":[{"keyframes":[{"duration":1,"ref":"Platform","loc":[162.9,9],"tweened":false,"index":0,"pivot":[162.9,9]}],"name":"flat"},{"keyframes":[{"duration":1,"ref":"PlatformGraph","loc":[250,-69],"tweened":false,"index":0,"pivot":[162.9,9]}],"name":"query"}],"id":"TestQuery"}]}