{"movies":[{"layers":[{"keyframes":[{"duration":39,"index":0,"label":"goingDown"},{"duration":1,"index":39,"label":"down"},{"duration":39,"index":40,"label":"goingUp"},{"duration":1,"index":79,"label":"up"}],"name":"Layer 1"}],"id":"BridgePlatform"},{"layers":[{"keyframes":[{"pivot":[11,13.5],"index":0,"loc":[11,12.5],"tweened":false,"duration":10,"ref":"~Idle_Anim"},{"pivot":[11,13.5],"index":10,"loc":[11,12.5],"visible":false,"tweened":false,"duration":11,"ref":"~Idle_Anim"}],"name":"Layer 1"},{"keyframes":[{"pivot":[10.5,13],"index":0,"loc":[10.5,13],"visible":false,"tweened":false,"duration":10,"ref":"~Walk_Anim"},{"pivot":[10.5,13],"index":10,"loc":[10.5,13],"tweened":false,"duration":11,"ref":"~Walk_Anim"}],"name":"Layer 3"},{"keyframes":[{"duration":10,"index":0,"label":"idle"},{"duration":11,"index":10,"label":"walk"}],"name":"Layer 2"}],"id":"Cock"},{"layers":[{"keyframes":[{"tweened":false,"duration":9,"index":0,"ref":"WoodenPlatformGraphic","label":"Wood02"}],"name":"styles"}],"id":"Platform"},{"layers":[{"keyframes":[{"tweened":false,"index":0,"loc":[0,580.05],"customData":{"$looping":true,"$topCollideOnly":true,"Platform":true,"$twoWays":false},"scale":[6.8305,1],"duration":1,"ref":"Platform"}],"name":"platform1"},{"keyframes":[{"duration":1,"index":0}],"name":"platform2"},{"keyframes":[{"tweened":false,"index":0,"loc":[542.95,448],"customData":{"$topCollideOnly":true,"Platform":true},"scale":[1.9385,1],"duration":1,"ref":"YellowPlatform"}],"name":"platform3"},{"keyframes":[{"tweened":false,"index":0,"loc":[362.95,354.05],"customData":{"$topCollideOnly":true,"Platform":true},"scale":[1.9385,1],"duration":1,"ref":"YellowPlatform"}],"name":"platform4"},{"keyframes":[{"tweened":false,"index":0,"loc":[542.95,255.05],"customData":{"$topCollideOnly":true,"Platform":true},"scale":[1.9385,1],"duration":1,"ref":"YellowPlatform"}],"name":"platform5"},{"keyframes":[{"tweened":false,"index":0,"loc":[0,67.75],"customData":{"WallPlatform":true},"duration":1,"ref":"~Symbol 2"}],"name":"platform6"},{"keyframes":[{"tweened":false,"index":0,"loc":[887.95,67.75],"customData":{"WallPlatform":true},"duration":1,"ref":"~Symbol 2"}],"name":"platform_move"},{"keyframes":[{"pivot":[15.4,18.9],"index":0,"loc":[394.45,262.1],"customData":{"Coin":true},"tweened":false,"duration":1,"ref":"Star"}],"name":"star1"},{"keyframes":[{"pivot":[15.4,18.9],"index":0,"loc":[680.4,182.25],"customData":{"Coin":true},"tweened":false,"duration":1,"ref":"Star"}],"name":"star2"},{"keyframes":[{"pivot":[11,12.5],"index":0,"loc":[369.4,446],"customData":{"TouchInput":true,"$slideSpeed":0.75,"$friction":0,"$speed":2,"Character":true},"tweened":false,"duration":1,"ref":"Cock"}],"name":"cock"}],"id":"Scene"},{"layers":[{"keyframes":[{"tweened":false,"duration":1,"index":0,"ref":"StarGraph"},{"duration":18,"index":1,"ref":"StarGraph"},{"index":19,"ref":"StarGraph","scale":[0.4706,0.498],"duration":10,"skew":[0,3.1416],"loc":[23,-60]},{"tweened":false,"index":29,"ref":"StarGraph","scale":[0.065,0.498],"alpha":0,"duration":1,"skew":[0,3.1416],"loc":[13,-77]},{"visible":false,"tweened":false,"index":30,"ref":"StarGraph","scale":[0.065,0.498],"duration":1,"skew":[0,3.1416],"loc":[13,-77]}],"name":"s"}],"id":"Star"},{"layers":[{"keyframes":[{"tweened":false,"duration":1,"index":0,"ref":"YellowGraph"}],"name":"Layer 1"}],"id":"YellowPlatform"},{"layers":[{"keyframes":[{"pivot":[11,13.5],"index":0,"loc":[11,13.5],"tweened":false,"duration":2,"ref":"Idle_Graph_1"},{"pivot":[10.5,13.5],"index":2,"loc":[10.5,13.5],"tweened":false,"duration":2,"ref":"Idle_Graph_2"},{"pivot":[10.5,13.5],"index":4,"loc":[10.5,13.5],"tweened":false,"duration":2,"ref":"Idle_Graph_3"},{"pivot":[10.5,13.5],"index":6,"loc":[10.5,13.5],"tweened":false,"duration":2,"ref":"Idle_Graph_4"},{"pivot":[10.95,13.5],"index":8,"loc":[10.95,13.5],"tweened":false,"duration":2,"ref":"Idle_Graph_5"},{"pivot":[11.5,13.5],"index":10,"loc":[11.5,13.5],"tweened":false,"duration":2,"ref":"Idle_Graph_6"},{"pivot":[11,13.5],"index":12,"loc":[11,13.5],"tweened":false,"duration":2,"ref":"Idle_Graph_7"},{"pivot":[11,13.5],"index":14,"loc":[11,13.5],"tweened":false,"duration":2,"ref":"Idle_Graph_8"},{"pivot":[10.5,13.5],"index":16,"loc":[10.5,13.5],"tweened":false,"duration":2,"ref":"Idle_Graph_9"}],"name":"Layer 1"}],"id":"~Idle_Anim"},{"layers":[{"keyframes":[{"pivot":[0.5,0.5],"tweened":false,"duration":1,"index":0,"ref":"Symbol3"}],"name":"Layer 1"}],"id":"~Symbol 2"},{"layers":[{"keyframes":[{"pivot":[10.5,13],"index":0,"loc":[10.5,13],"tweened":false,"duration":2,"ref":"Walk_Graph_1"},{"pivot":[10.5,13],"index":2,"loc":[10.5,13],"tweened":false,"duration":2,"ref":"Walk_Graph_2"},{"pivot":[10.5,13],"index":4,"loc":[10.5,13],"tweened":false,"duration":2,"ref":"Walk_Graph_3"},{"pivot":[10.5,13],"index":6,"loc":[10.5,13],"tweened":false,"duration":2,"ref":"Walk_Graph_4"},{"pivot":[10.5,13],"index":8,"loc":[10.5,13],"tweened":false,"duration":2,"ref":"Walk_Graph_5"},{"pivot":[10.5,13],"index":10,"loc":[10.5,13],"tweened":false,"duration":2,"ref":"Walk_Graph_6"},{"pivot":[10.5,13],"index":12,"loc":[10.5,13],"tweened":false,"duration":2,"ref":"Walk_Graph_7"},{"pivot":[11,13],"index":14,"loc":[11,13],"tweened":false,"duration":2,"ref":"Walk_Graph_8"},{"pivot":[11,13],"index":16,"loc":[11,13],"tweened":false,"duration":2,"ref":"Walk_Graph_9"},{"pivot":[11,13],"index":18,"loc":[11,13],"tweened":false,"duration":2,"ref":"Walk_Graph_10"},{"pivot":[11,13],"index":20,"loc":[11,13],"tweened":false,"duration":2,"ref":"Walk_Graph_11"},{"pivot":[10.5,13],"index":22,"loc":[10.5,13],"tweened":false,"duration":2,"ref":"Walk_Graph_12"}],"name":"Layer 1"}],"id":"~Walk_Anim"}],"frameRate":60,"md5":"7697fc1c2087871f05e2bf6a06dc5007","textureGroups":[{"scaleFactor":1,"atlases":[{"file":"atlas0.png","textures":[{"symbol":"Symbol3","origin":[0.5,0.5],"rect":[1,1,176,539]},{"symbol":"YellowGraph","origin":[0,0],"rect":[1,542,130,26]},{"symbol":"WoodenPlatformGraphic","origin":[0,0],"rect":[1,570,130,26]},{"symbol":"CockGraph","origin":[0,0],"rect":[179,1,47,47]},{"symbol":"StarGraph","origin":[0,0],"rect":[179,50,30,37]},{"symbol":"Idle_Graph_6","origin":[0,0],"rect":[228,1,23,27]},{"symbol":"Idle_Graph_7","origin":[0,0],"rect":[228,30,22,27]},{"symbol":"Idle_Graph_1","origin":[0,0],"rect":[211,59,22,27]},{"symbol":"Idle_Graph_8","origin":[0,0],"rect":[211,88,22,27]},{"symbol":"Walk_Graph_11","origin":[0,0],"rect":[179,89,22,26]},{"symbol":"Walk_Graph_8","origin":[0,0],"rect":[179,117,22,26]},{"symbol":"Walk_Graph_9","origin":[0,0],"rect":[203,117,22,26]},{"symbol":"Walk_Graph_10","origin":[0,0],"rect":[227,117,22,26]},{"symbol":"Idle_Graph_3","origin":[0,0],"rect":[179,145,21,27]},{"symbol":"Idle_Graph_5","origin":[0,0],"rect":[202,145,21,27]},{"symbol":"Idle_Graph_9","origin":[0,0],"rect":[225,145,21,27]},{"symbol":"Idle_Graph_4","origin":[0,0],"rect":[179,174,21,27]},{"symbol":"Idle_Graph_2","origin":[0,0],"rect":[202,174,21,27]},{"symbol":"Walk_Graph_2","origin":[0,0],"rect":[225,174,21,26]},{"symbol":"Walk_Graph_6","origin":[0,0],"rect":[225,202,21,26]},{"symbol":"Walk_Graph_7","origin":[0,0],"rect":[179,203,21,26]},{"symbol":"Walk_Graph_12","origin":[0,0],"rect":[202,203,21,26]},{"symbol":"Walk_Graph_1","origin":[0,0],"rect":[225,230,21,26]},{"symbol":"Walk_Graph_5","origin":[0,0],"rect":[179,231,21,26]},{"symbol":"Walk_Graph_3","origin":[0,0],"rect":[202,231,21,26]},{"symbol":"Walk_Graph_4","origin":[0,0],"rect":[225,258,21,26]}]}]}]}