{"textureGroups":[{"atlases":[{"file":"atlas0.png","textures":[{"symbol":"ButtonStartGraph","rect":[1,1,208,56],"origin":[0.5,0.5]},{"symbol":"Placeholder","rect":[211,1,10,10],"origin":[0,0]}]}],"scaleFactor":1}],"md5":"bcdc44b10969225d18a45850ef3442c7","frameRate":24,"movies":[{"layers":[{"keyframes":[{"duration":1,"tweened":false,"index":0,"ref":"ButtonStartGraph","pivot":[0.5,0.5]}],"name":"bg"},{"keyframes":[{"duration":1,"tweened":false,"index":0,"ref":"Text","loc":[9,8]}],"name":"start game<OCR A Std,24,0xffcc33>"}],"id":"ButtonStart"},{"layers":[{"keyframes":[{"duration":1,"tweened":false,"index":0,"ref":"Placeholder","scale":[37.9965,26.688]}],"name":"Layer 1"}],"id":"Feathers_List"},{"layers":[{"keyframes":[{"duration":1,"tweened":false,"index":0,"ref":"ButtonStart","loc":[87,287.95]}],"name":"startButton"},{"keyframes":[{"duration":1,"tweened":false,"index":0,"ref":"SceneList"}],"name":"listWrapper"}],"id":"MainUI"},{"layers":[{"keyframes":[{"duration":1,"tweened":false,"index":0,"ref":"Feathers_List"}],"name":"list"}],"id":"SceneList"},{"layers":[{"keyframes":[{"duration":1,"tweened":false,"index":0,"ref":"Placeholder","scale":[19,4]}],"name":"Layer 1"}],"id":"Text"}]}