{"frameRate":24,"movies":[{"layers":[{"keyframes":[{"duration":9,"pivot":[40.5,40.5],"index":0,"ref":"sptArmNode","loc":[463.05,499.65]},{"duration":4,"pivot":[40.45,40.55],"index":9,"ref":"sptArmNode","loc":[193.65,350.6]},{"duration":4,"pivot":[40.45,40.55],"index":13,"ref":"sptArmNode","loc":[253.1,461.65]},{"duration":4,"pivot":[40.5,40.5],"index":17,"ref":"sptArmNode","loc":[463.05,395.65]},{"ref":"sptArmNode","loc":[556.1164,498.6772],"pivot":[40.5,40.5],"duration":4,"skew":[-0.2572,-0.2572],"index":21},{"duration":4,"pivot":[40.45,40.55],"index":25,"ref":"sptArmNode","loc":[403.25,523.35]},{"duration":4,"pivot":[40.5,40.5],"index":29,"ref":"sptArmNode","loc":[463.05,395.65]},{"duration":1,"pivot":[40.45,40.55],"index":33,"ref":"sptArmNode","loc":[193.65,350.6]}],"name":"ArmNodeL"},{"keyframes":[{"scale":[0.9985,0.9985],"ref":"sptHand","loc":[510.55,632.45],"pivot":[63.5,64],"duration":9,"skew":[1.7315,1.7315],"index":0},{"scale":[0.9986,0.9986],"ref":"sptHand","loc":[93.6,449.95],"pivot":[63.5,64],"duration":4,"skew":[2.1237,2.1237],"index":9},{"scale":[0.9987,0.9987],"ref":"sptHand","loc":[277.3,597.5],"pivot":[63.5,64],"duration":4,"skew":[0.437,0.437],"index":13},{"scale":[0.9985,0.9985],"ref":"sptHand","loc":[510.55,528.45],"pivot":[63.5,64],"duration":4,"skew":[1.7315,1.7315],"index":17},{"scale":[0.9988,0.9988],"ref":"sptHand","loc":[688.85,444.15],"pivot":[63.5,64],"duration":4,"skew":[-0.6549,-0.6549],"index":21},{"scale":[0.9998,0.9998],"ref":"sptHand","loc":[481.9,625.3],"pivot":[63.5,64],"duration":4,"skew":[-0.0441,-0.0441],"index":25},{"scale":[0.9985,0.9985],"ref":"sptHand","loc":[440.55,528.45],"pivot":[63.5,64],"duration":4,"skew":[1.7315,1.7315],"index":29},{"scale":[0.9986,0.9986],"ref":"sptHand","loc":[93.6,449.95],"pivot":[63.5,64],"duration":1,"skew":[2.1237,2.1237],"index":33}],"name":"HandL"},{"keyframes":[{"scale":[0.9988,0.9988],"ref":"sptLowerArm","loc":[484.5801,548.5646],"pivot":[50.45,46],"duration":9,"skew":[-0.3895,-0.3895],"index":0},{"scale":[0.9988,0.9988],"ref":"sptLowerArm","loc":[143.3445,385.5704],"pivot":[50.45,46],"duration":4,"skew":[0.7175,0.7175],"index":9},{"scale":[0.9988,0.9988],"ref":"sptLowerArm","loc":[250.8521,519.7906],"pivot":[50.35,46],"duration":4,"skew":[-0.1897,-0.1897],"index":13},{"scale":[0.9988,0.9988],"ref":"sptLowerArm","loc":[484.5801,444.5646],"pivot":[50.45,46],"duration":4,"skew":[-0.3895,-0.3895],"index":17},{"scale":[0.9981,0.9981],"ref":"sptLowerArm","loc":[610.792,479.3137],"pivot":[50.4,45.95],"duration":4,"skew":[-2.0421,-2.0421],"index":21},{"scale":[0.9978,0.9978],"ref":"sptLowerArm","loc":[425.821,557.6528],"pivot":[50.4,46.05],"duration":4,"skew":[-0.5907,-0.5907],"index":25},{"scale":[0.9988,0.9988],"ref":"sptLowerArm","loc":[484.5801,444.5646],"pivot":[50.45,46],"duration":4,"skew":[-0.3895,-0.3895],"index":29},{"scale":[0.9988,0.9988],"ref":"sptLowerArm","loc":[143.3445,385.5704],"pivot":[50.45,46],"duration":1,"skew":[0.7175,0.7175],"index":33}],"name":"LowerArmL"},{"keyframes":[{"ref":"sptUpperArm","loc":[493.408,438.1071],"pivot":[62.95,75],"duration":9,"skew":[0.4752,0.4752],"index":0},{"ref":"sptUpperArm","loc":[270.1913,387.8812],"pivot":[62.95,74.95],"duration":4,"skew":[2.1407,2.1407],"index":9},{"ref":"sptUpperArm","loc":[314.2977,417.9801],"pivot":[63,74.95],"duration":4,"skew":[0.9544,0.9544],"index":13},{"ref":"sptUpperArm","loc":[493.408,334.1071],"pivot":[62.95,75],"duration":4,"skew":[0.4752,0.4752],"index":17},{"scale":[0.9987,0.9987],"ref":"sptUpperArm","loc":[498.1259,435.2025],"pivot":[63.05,75],"duration":4,"skew":[-0.7074,-0.7074],"index":21},{"scale":[0.9994,0.9994],"ref":"sptUpperArm","loc":[390.6276,451.0999],"pivot":[63.05,74.9],"duration":4,"skew":[-0.188,-0.188],"index":25},{"ref":"sptUpperArm","loc":[493.408,334.1071],"pivot":[62.95,75],"duration":4,"skew":[0.4752,0.4752],"index":29},{"ref":"sptUpperArm","loc":[270.1913,387.8812],"pivot":[62.95,74.95],"duration":1,"skew":[2.1407,2.1407],"index":33}],"name":"UpperArmL"},{"keyframes":[{"duration":9,"pivot":[100.5,67.5],"index":0,"ref":"sptFoot","loc":[470.75,785.75]},{"duration":4,"pivot":[100.5,67.5],"index":9,"ref":"sptFoot","loc":[528.7,785.75]},{"duration":2,"pivot":[100.5,67.5],"index":13,"ref":"sptFoot","loc":[494.8,786.1]},{"scale":[0.9996,0.9996],"ref":"sptFoot","loc":[476.95,744.05],"pivot":[100.5,67.5],"duration":2,"skew":[0.3457,0.3457],"index":15},{"ref":"sptFoot","loc":[463.4,696.85],"pivot":[100.5,67.5],"duration":4,"skew":[0.4884,0.4884],"index":17},{"scale":[0.9994,0.9994],"ref":"sptFoot","loc":[104.15,629],"pivot":[100.5,67.5],"duration":4,"skew":[2.0166,2.0166],"index":21},{"scale":[0.9977,0.9977],"ref":"sptFoot","loc":[250.05,734.55],"pivot":[100.5,67.5],"duration":4,"skew":[0.8099,0.8099],"index":25},{"ref":"sptFoot","loc":[463.4,696.85],"pivot":[100.5,67.5],"duration":4,"skew":[0.4884,0.4884],"index":29},{"duration":1,"pivot":[100.5,67.5],"index":33,"ref":"sptFoot","loc":[528.7,785.75]}],"name":"FootL"},{"keyframes":[{"duration":9,"pivot":[53.5,53.5],"index":0,"ref":"sptLegNode","loc":[446.35,664.75]},{"duration":4,"pivot":[51.5,53.5],"index":9,"ref":"sptLegNode","loc":[453.1,655.1]},{"duration":4,"pivot":[51.5,53.5],"index":13,"ref":"sptLegNode","loc":[447.1,655.1]},{"duration":4,"pivot":[53.5,53.5],"index":17,"ref":"sptLegNode","loc":[446.35,560.75]},{"ref":"sptLegNode","loc":[254.0258,634.7461],"pivot":[51.5,53.55],"duration":4,"skew":[0.2703,0.2703],"index":21},{"duration":4,"pivot":[51.5,53.5],"index":25,"ref":"sptLegNode","loc":[315.7,623.3]},{"duration":4,"pivot":[53.5,53.5],"index":29,"ref":"sptLegNode","loc":[446.35,560.75]},{"duration":1,"pivot":[51.5,53.5],"index":33,"ref":"sptLegNode","loc":[453.1,655.1]}],"name":"LegNodeL"},{"keyframes":[{"scale":[0.9997,0.9997],"ref":"sptLowerLeg","loc":[442.85,703.1],"pivot":[57.5,39.5],"duration":9,"skew":[0.0969,0.0969],"index":0},{"scale":[0.9997,0.9997],"ref":"sptLowerLeg","loc":[477.45,701],"pivot":[57.5,39.5],"duration":3,"skew":[-0.3919,-0.3919],"index":9},{"scale":[0.9989,0.9989],"ref":"sptLowerLeg","loc":[467,701],"pivot":[57.5,39.5],"duration":1,"skew":[-0.0195,-0.0195],"index":12},{"scale":[0.9997,0.9997],"ref":"sptLowerLeg","loc":[456.55,701],"pivot":[57.5,39.5],"duration":4,"skew":[-0.1222,-0.1222],"index":13},{"scale":[0.9997,0.9997],"ref":"sptLowerLeg","loc":[442.85,599.1],"pivot":[57.5,39.5],"duration":4,"skew":[0.0969,0.0969],"index":17},{"scale":[0.9994,0.9994],"ref":"sptLowerLeg","loc":[199.8,628.95],"pivot":[57.5,39.5],"duration":4,"skew":[1.762,1.762],"index":21},{"scale":[0.9983,0.9983],"ref":"sptLowerLeg","loc":[292.4,656.25],"pivot":[57.5,39.5],"duration":4,"skew":[0.6615,0.6615],"index":25},{"scale":[0.9997,0.9997],"ref":"sptLowerLeg","loc":[442.85,599.1],"pivot":[57.5,39.5],"duration":4,"skew":[0.0969,0.0969],"index":29},{"scale":[0.9997,0.9997],"ref":"sptLowerLeg","loc":[477.45,701],"pivot":[57.5,39.5],"duration":1,"skew":[-0.3919,-0.3919],"index":33}],"name":"LowerLegL"},{"keyframes":[{"scale":[0.9996,0.9996],"ref":"sptUpperLeg","loc":[441.821,631.9432],"pivot":[57.5,38.5],"duration":9,"skew":[-0.1318,-0.1318],"index":0},{"scale":[0.9996,0.9996],"ref":"sptUpperLeg","loc":[420.1812,613.7389],"pivot":[57.5,38.5],"duration":3,"skew":[-0.7206,-0.7206],"index":9},{"scale":[0.998,0.998],"ref":"sptUpperLeg","loc":[390.1913,628.8121],"pivot":[57.45,38.55],"duration":1,"skew":[-1.2091,-1.2091],"index":12},{"scale":[0.9995,0.9995],"ref":"sptUpperLeg","loc":[432.224,611.7556],"pivot":[57.55,38.6],"duration":4,"skew":[-0.4244,-0.4244],"index":13},{"scale":[0.9996,0.9996],"ref":"sptUpperLeg","loc":[441.821,527.9432],"pivot":[57.5,38.5],"duration":4,"skew":[-0.1318,-0.1318],"index":17},{"scale":[0.9983,0.9983],"ref":"sptUpperLeg","loc":[292.4285,602.2881],"pivot":[57.55,38.5],"duration":4,"skew":[0.7293,0.7293],"index":21},{"scale":[0.9991,0.9991],"ref":"sptUpperLeg","loc":[333.2875,580.2313],"pivot":[57.5,38.45],"duration":4,"skew":[0.2712,0.2712],"index":25},{"scale":[0.9996,0.9996],"ref":"sptUpperLeg","loc":[441.821,527.9432],"pivot":[57.5,38.5],"duration":4,"skew":[-0.1318,-0.1318],"index":29},{"scale":[0.9996,0.9996],"ref":"sptUpperLeg","loc":[420.1812,613.7389],"pivot":[57.5,38.5],"duration":1,"skew":[-0.7206,-0.7206],"index":33}],"name":"UpperLegL"},{"keyframes":[{"duration":9,"pivot":[204.5,204],"index":0,"ref":"sptHead","loc":[416.75,309.45]},{"ref":"sptHead","loc":[434.65,296.55],"pivot":[204.5,204],"duration":3,"skew":[0.1174,0.1174],"index":9},{"scale":[0.9996,0.9996],"ref":"sptHead","loc":[464.3,391.15],"pivot":[204.5,204],"duration":5,"skew":[0.1145,0.1145],"index":12},{"ref":"sptHead","loc":[462.65,226.55],"pivot":[204.5,204],"duration":4,"skew":[0.1174,0.1174],"index":17},{"ref":"sptHead","loc":[422.65,296.55],"pivot":[204.5,204],"duration":3,"skew":[0.1174,0.1174],"index":21},{"scale":[0.9996,0.9996],"ref":"sptHead","loc":[464.3,391.15],"pivot":[204.5,204],"duration":5,"skew":[0.1145,0.1145],"index":24},{"ref":"sptHead","loc":[462.65,226.55],"pivot":[204.5,204],"duration":4,"skew":[0.1174,0.1174],"index":29},{"ref":"sptHead","loc":[434.65,296.55],"pivot":[204.5,204],"duration":1,"skew":[0.1174,0.1174],"index":33}],"name":"Head"},{"keyframes":[{"ref":"sptBody","loc":[407.8,546.65],"pivot":[214.5,156.5],"duration":9,"skew":[0.0387,0.0387],"index":0},{"ref":"sptBody","loc":[355.1,525.2],"pivot":[214.5,156.5],"duration":3,"skew":[0.347,0.347],"index":9},{"scale":[0.9986,0.9986],"ref":"sptBody","loc":[358.1,575.7],"pivot":[214.5,156.5],"duration":5,"skew":[0.5456,0.5456],"index":12},{"ref":"sptBody","loc":[385.1,457.2],"pivot":[214.5,156.5],"duration":4,"skew":[0.347,0.347],"index":17},{"ref":"sptBody","loc":[355.1,525.2],"pivot":[214.5,156.5],"duration":3,"skew":[0.347,0.347],"index":21},{"scale":[0.9986,0.9986],"ref":"sptBody","loc":[358.1,575.7],"pivot":[214.5,156.5],"duration":5,"skew":[0.5456,0.5456],"index":24},{"ref":"sptBody","loc":[385.1,457.2],"pivot":[214.5,156.5],"duration":4,"skew":[0.347,0.347],"index":29},{"ref":"sptBody","loc":[355.1,525.2],"pivot":[214.5,156.5],"duration":1,"skew":[0.347,0.347],"index":33}],"name":"Body"},{"keyframes":[{"duration":9,"pivot":[100.5,67.5],"index":0,"ref":"sptFoot","loc":[389.35,786.1]},{"ref":"sptFoot","loc":[116.1,624.3],"pivot":[100.5,67.5],"duration":4,"skew":[1.9269,1.9269],"index":9},{"ref":"sptFoot","loc":[250.9,734.25],"pivot":[100.5,67.5],"duration":4,"skew":[0.8112,0.8112],"index":13},{"duration":4,"pivot":[100.5,67.5],"index":17,"ref":"sptFoot","loc":[389.35,682.1]},{"duration":1,"pivot":[100.5,67.5],"index":21,"ref":"sptFoot","loc":[528.7,785.75]},{"duration":3,"pivot":[100.5,67.5],"index":22,"ref":"sptFoot","loc":[520.25,785.85]},{"duration":3,"pivot":[100.5,67.5],"index":25,"ref":"sptFoot","loc":[494.8,786.1]},{"scale":[0.9989,0.9989],"ref":"sptFoot","loc":[422.95,718.05],"pivot":[100.5,67.5],"duration":1,"skew":[0.3453,0.3453],"index":28},{"duration":4,"pivot":[100.5,67.5],"index":29,"ref":"sptFoot","loc":[389.35,682.1]},{"ref":"sptFoot","loc":[116.1,624.3],"pivot":[100.5,67.5],"duration":1,"skew":[1.9269,1.9269],"index":33}],"name":"FootR"},{"keyframes":[{"duration":9,"pivot":[53.5,53],"index":0,"ref":"sptLegNode","loc":[367.65,664.6]},{"ref":"sptLegNode","loc":[267.9,616.05],"pivot":[53.5,53],"duration":4,"skew":[0.1782,0.1782],"index":9},{"ref":"sptLegNode","loc":[319.9,616.6],"pivot":[53.5,53],"duration":4,"skew":[-0.2266,-0.2266],"index":13},{"duration":4,"pivot":[53.5,53],"index":17,"ref":"sptLegNode","loc":[367.65,560.6]},{"duration":4,"pivot":[53.5,53],"index":21,"ref":"sptLegNode","loc":[455.1,654.6]},{"duration":4,"pivot":[53.5,53],"index":25,"ref":"sptLegNode","loc":[449.1,654.6]},{"duration":4,"pivot":[53.5,53],"index":29,"ref":"sptLegNode","loc":[367.65,560.6]},{"ref":"sptLegNode","loc":[267.9,616.05],"pivot":[53.5,53],"duration":1,"skew":[0.1782,0.1782],"index":33}],"name":"LegNodeR"},{"keyframes":[{"ref":"sptLowerLeg","loc":[361.75,702.65],"pivot":[57.5,39.5],"duration":9,"skew":[0.1003,0.1003],"index":0},{"ref":"sptLowerLeg","loc":[211.3,615.5],"pivot":[57.5,39.5],"duration":4,"skew":[1.6694,1.6694],"index":9},{"ref":"sptLowerLeg","loc":[285.9,661.3],"pivot":[57.5,39.5],"duration":4,"skew":[0.7249,0.7249],"index":13},{"ref":"sptLowerLeg","loc":[361.75,598.65],"pivot":[57.5,39.5],"duration":4,"skew":[0.1003,0.1003],"index":17},{"ref":"sptLowerLeg","loc":[477.45,701],"pivot":[57.5,39.5],"duration":3,"skew":[-0.3927,-0.3927],"index":21},{"scale":[0.9992,0.9992],"ref":"sptLowerLeg","loc":[463,711],"pivot":[57.5,39.5],"duration":1,"skew":[0.0084,0.0084],"index":24},{"ref":"sptLowerLeg","loc":[456.55,701],"pivot":[57.5,39.5],"duration":4,"skew":[-0.1222,-0.1222],"index":25},{"ref":"sptLowerLeg","loc":[361.75,598.65],"pivot":[57.5,39.5],"duration":4,"skew":[0.1003,0.1003],"index":29},{"ref":"sptLowerLeg","loc":[211.3,615.5],"pivot":[57.5,39.5],"duration":1,"skew":[1.6694,1.6694],"index":33}],"name":"LowerLegR"},{"keyframes":[{"ref":"sptUpperLeg","loc":[371.65,648.15],"pivot":[63.5,55.5],"duration":9,"skew":[-0.1344,-0.1344],"index":0},{"ref":"sptUpperLeg","loc":[291.55,609.8],"pivot":[63.5,55.5],"duration":4,"skew":[0.8495,0.8495],"index":9},{"scale":[0.9999,0.9999],"ref":"sptUpperLeg","loc":[313.8,586.85],"pivot":[63.5,55.5],"duration":4,"skew":[-0.5367,-0.5367],"index":13},{"scale":[0.9986,0.9986],"ref":"sptUpperLeg","loc":[359.35,529.5],"pivot":[63.5,55.5],"duration":4,"skew":[-0.5343,-0.5343],"index":17},{"scale":[0.9983,0.9983],"ref":"sptUpperLeg","loc":[435.9,622.55],"pivot":[63.5,55.5],"duration":3,"skew":[-0.7216,-0.7216],"index":21},{"scale":[0.9971,0.9971],"ref":"sptUpperLeg","loc":[422.25,631.7],"pivot":[63.5,55.5],"duration":1,"skew":[-1.3301,-1.3301],"index":24},{"scale":[0.9988,0.9988],"ref":"sptUpperLeg","loc":[448.6,624.7],"pivot":[63.5,55.5],"duration":4,"skew":[-0.424,-0.424],"index":25},{"ref":"sptUpperLeg","loc":[371.65,544.15],"pivot":[63.5,55.5],"duration":4,"skew":[-0.1344,-0.1344],"index":29},{"ref":"sptUpperLeg","loc":[291.55,609.8],"pivot":[63.5,55.5],"duration":1,"skew":[0.8495,0.8495],"index":33}],"name":"UpperLegR"},{"keyframes":[{"duration":9,"pivot":[41,40.5],"index":0,"ref":"sptArmNode","loc":[363.1,499.05]},{"ref":"sptArmNode","loc":[580.5,505.85],"pivot":[41,40.5],"duration":4,"skew":[-0.4483,-0.4483],"index":9},{"scale":[0.9993,0.9993],"ref":"sptArmNode","loc":[433.1,489.75],"pivot":[41,40.5],"duration":4,"skew":[-0.2231,-0.2231],"index":13},{"duration":4,"pivot":[41,40.5],"index":17,"ref":"sptArmNode","loc":[345.8,408]},{"duration":4,"pivot":[41,40.5],"index":21,"ref":"sptArmNode","loc":[197.9,351.05]},{"duration":4,"pivot":[41,40.5],"index":25,"ref":"sptArmNode","loc":[253.65,461.6]},{"duration":4,"pivot":[41,40.5],"index":29,"ref":"sptArmNode","loc":[366.55,407.45]},{"ref":"sptArmNode","loc":[580.5,505.85],"pivot":[41,40.5],"duration":1,"skew":[-0.4483,-0.4483],"index":33}],"name":"ArmNodeR"},{"keyframes":[{"ref":"sptHand","loc":[416.75,630.35],"pivot":[63.5,64],"duration":9,"skew":[1.7717,1.7717],"index":0},{"ref":"sptHand","loc":[700,427.4],"pivot":[63.5,64],"duration":4,"skew":[-0.8456,-0.8456],"index":9},{"scale":[0.9987,0.9987],"ref":"sptHand","loc":[519.7,516.05],"pivot":[63.5,64],"duration":4,"skew":[0.4633,0.4633],"index":13},{"ref":"sptHand","loc":[399.45,539.3],"pivot":[63.5,64],"duration":4,"skew":[1.7717,1.7717],"index":17},{"scale":[0.9985,0.9985],"ref":"sptHand","loc":[97.6,449.95],"pivot":[63.5,64],"duration":4,"skew":[2.1223,2.1223],"index":21},{"scale":[0.9998,0.9998],"ref":"sptHand","loc":[277.3,597.5],"pivot":[63.5,64],"duration":4,"skew":[0.4363,0.4363],"index":25},{"scale":[0.9998,0.9998],"ref":"sptHand","loc":[449.15,466],"pivot":[63.5,64],"duration":4,"skew":[0.018,0.018],"index":29},{"ref":"sptHand","loc":[700,427.4],"pivot":[63.5,64],"duration":1,"skew":[-0.8456,-0.8456],"index":33}],"name":"HandR"},{"keyframes":[{"ref":"sptLowerArm","loc":[389.55,557.3],"pivot":[50.5,54.5],"duration":9,"skew":[-0.3918,-0.3918],"index":0},{"ref":"sptLowerArm","loc":[636.7,471.4],"pivot":[50.5,54.5],"duration":4,"skew":[-2.2346,-2.2346],"index":9},{"scale":[0.9992,0.9992],"ref":"sptLowerArm","loc":[474.5,501.55],"pivot":[50.5,54.5],"duration":4,"skew":[-1.3131,-1.3131],"index":13},{"ref":"sptLowerArm","loc":[372.25,466.25],"pivot":[50.5,54.5],"duration":4,"skew":[-0.3918,-0.3918],"index":17},{"scale":[0.9983,0.9983],"ref":"sptLowerArm","loc":[141.8,392],"pivot":[50.5,54.5],"duration":4,"skew":[0.7174,0.7174],"index":21},{"scale":[0.9994,0.9994],"ref":"sptLowerArm","loc":[252.6,528.1],"pivot":[50.5,54.5],"duration":4,"skew":[-0.1884,-0.1884],"index":25},{"scale":[0.9982,0.9982],"ref":"sptLowerArm","loc":[398.8,437.45],"pivot":[50.5,54.5],"duration":4,"skew":[-0.9887,-0.9887],"index":29},{"ref":"sptLowerArm","loc":[636.7,471.4],"pivot":[50.5,54.5],"duration":1,"skew":[-2.2346,-2.2346],"index":33}],"name":"LowerArmR"},{"keyframes":[{"ref":"sptUpperArm","loc":[399.6,441.65],"pivot":[64.5,76.5],"duration":9,"skew":[0.5533,0.5533],"index":0},{"ref":"sptUpperArm","loc":[509.25,456.1],"pivot":[64.5,76.5],"duration":4,"skew":[-0.8978,-0.8978],"index":9},{"scale":[0.9994,0.9994],"ref":"sptUpperArm","loc":[415.8,436.1],"pivot":[64.5,76.5],"duration":4,"skew":[-0.1708,-0.1708],"index":13},{"ref":"sptUpperArm","loc":[382.3,350.6],"pivot":[64.5,76.5],"duration":4,"skew":[0.5533,0.5533],"index":17},{"scale":[0.9985,0.9985],"ref":"sptUpperArm","loc":[272.05,388.35],"pivot":[64.5,76.5],"duration":4,"skew":[2.1399,2.1399],"index":21},{"scale":[0.9963,0.9963],"ref":"sptUpperArm","loc":[313.9,420.1],"pivot":[64.5,76.5],"duration":4,"skew":[0.9543,0.9543],"index":25},{"scale":[0.9973,0.9973],"ref":"sptUpperArm","loc":[375.35,348.85],"pivot":[64.5,76.5],"duration":4,"skew":[0.2498,0.2498],"index":29},{"ref":"sptUpperArm","loc":[509.25,456.1],"pivot":[64.5,76.5],"duration":1,"skew":[-0.8978,-0.8978],"index":33}],"name":"UpperArmR"},{"keyframes":[{"duration":9,"index":0,"label":"idle"},{"duration":24,"index":9,"label":"running"},{"duration":1,"index":33}],"name":"states"}],"id":"animPlayer"}],"textureGroups":[{"scaleFactor":1,"atlases":[{"textures":[{"symbol":"sptHead","origin":[204.5,204],"rect":[1,1,409,408]},{"symbol":"sptBody","origin":[214.5,156.5],"rect":[1,411,433,263]},{"symbol":"sptFoot","origin":[100.5,67.5],"rect":[1,676,201,135]},{"symbol":"sptUpperArm","origin":[64.5,76.5],"rect":[204,676,126,150]},{"symbol":"sptHand","origin":[63.5,64],"rect":[332,676,127,128]},{"symbol":"sptLegNode","origin":[53.5,53],"rect":[332,806,107,107]},{"symbol":"sptLowerArm","origin":[50.5,54.5],"rect":[1,813,101,92]},{"symbol":"sptLowerLeg","origin":[57.5,39.5],"rect":[104,828,115,79]},{"symbol":"sptUpperLeg","origin":[63.5,55.5],"rect":[1,909,115,77]},{"symbol":"sptArmNode","origin":[41,40.5],"rect":[412,1,81,81]}],"file":"atlas0.png"}]}],"md5":"d7efad8d793694b7dafa149382615ff0"}